WORD_ID,WORD,MEANING,DAY,STATUS,LEVEL,AUDIO
1,talent,"재능, 장기",DAY_01,미암기,Normal,https://translate.google.com/translate_tts?ie=UTF-8&client=tw-ob&tl=en&q=talent
2,observe,"관찰하다, 준수하다",DAY_01,미암기,Normal,https://translate.google.com/translate_tts?ie=UTF-8&client=tw-ob&tl=en&q=observe
3,knowledge,"지식, 알고 있음",DAY_01,미암기,Normal,https://translate.google.com/translate_tts?ie=UTF-8&client=tw-ob&tl=en&q=knowledge
4,barrier,"장벽, 장애물",DAY_01,미암기,Normal,https://translate.google.com/translate_tts?ie=UTF-8&client=tw-ob&tl=en&q=barrier
5,warning,"경고, 주의",DAY_01,미암기,Normal,https://translate.google.com/translate_tts?ie=UTF-8&client=tw-ob&tl=en&q=warning
6,gather,"모으다, 모이다",DAY_01,미암기,Normal,https://translate.google.com/translate_tts?ie=UTF-8&client=tw-ob&tl=en&q=gather
7,facility,"시설, 기능",DAY_01,미암기,Normal,https://translate.google.com/translate_tts?ie=UTF-8&client=tw-ob&tl=en&q=facility
8,maintain,"유지하다, 주장하다",DAY_01,미암기,Normal,https://translate.google.com/translate_tts?ie=UTF-8&client=tw-ob&tl=en&q=maintain
9,landscape,"풍경, 경치",DAY_01,미암기,Normal,https://translate.google.com/translate_tts?ie=UTF-8&client=tw-ob&tl=en&q=landscape
10,package,"꾸러미, 포장",DAY_01,미암기,Normal,https://translate.google.com/translate_tts?ie=UTF-8&client=tw-ob&tl=en&q=package
11,journey,"여정, 여행",DAY_01,미암기,Normal,https://translate.google.com/translate_tts?ie=UTF-8&client=tw-ob&tl=en&q=journey
12,abandon,"버리다, 포기하다",DAY_01,미암기,Normal,https://translate.google.com/translate_tts?ie=UTF-8&client=tw-ob&tl=en&q=abandon
13,element,"요소, 성분",DAY_01,미암기,Normal,https://translate.google.com/translate_tts?ie=UTF-8&client=tw-ob&tl=en&q=element
14,vacant,비어 있는,DAY_01,미암기,Normal,https://translate.google.com/translate_tts?ie=UTF-8&client=tw-ob&tl=en&q=vacant
15,qualify,자격을 얻다,DAY_01,미암기,Normal,https://translate.google.com/translate_tts?ie=UTF-8&client=tw-ob&tl=en&q=qualify
16,candidate,"후보자, 지원자",DAY_01,미암기,Normal,https://translate.google.com/translate_tts?ie=UTF-8&client=tw-ob&tl=en&q=candidate
17,background,"배경, 바탕",DAY_01,미암기,Normal,https://translate.google.com/translate_tts?ie=UTF-8&client=tw-ob&tl=en&q=background
18,notice,"알림, 알아차리다",DAY_01,미암기,Normal,https://translate.google.com/translate_tts?ie=UTF-8&client=tw-ob&tl=en&q=notice
19,sacrifice,"희생, 희생하다",DAY_01,미암기,Normal,https://translate.google.com/translate_tts?ie=UTF-8&client=tw-ob&tl=en&q=sacrifice
20,campaign,"캠페인, 운동",DAY_01,미암기,Normal,https://translate.google.com/translate_tts?ie=UTF-8&client=tw-ob&tl=en&q=campaign
21,reality,"현실, 실제",DAY_01,미암기,Normal,https://translate.google.com/translate_tts?ie=UTF-8&client=tw-ob&tl=en&q=reality
22,debate,"토론, 논쟁",DAY_01,미암기,Normal,https://translate.google.com/translate_tts?ie=UTF-8&client=tw-ob&tl=en&q=debate
23,economy,경제,DAY_01,미암기,Normal,https://translate.google.com/translate_tts?ie=UTF-8&client=tw-ob&tl=en&q=economy
24,zone,"구역, 지대",DAY_01,미암기,Normal,https://translate.google.com/translate_tts?ie=UTF-8&client=tw-ob&tl=en&q=zone
25,harbor,"항구, 품다",DAY_01,미암기,Normal,https://translate.google.com/translate_tts?ie=UTF-8&client=tw-ob&tl=en&q=harbor
26,identify,"확인하다, 식별하다",DAY_01,미암기,Normal,https://translate.google.com/translate_tts?ie=UTF-8&client=tw-ob&tl=en&q=identify
27,youth,"젊음, 청년",DAY_01,미암기,Normal,https://translate.google.com/translate_tts?ie=UTF-8&client=tw-ob&tl=en&q=youth
28,ability,"능력, 재능",DAY_01,미암기,Normal,https://translate.google.com/translate_tts?ie=UTF-8&client=tw-ob&tl=en&q=ability
29,damage,"손상, 피해",DAY_01,미암기,Normal,https://translate.google.com/translate_tts?ie=UTF-8&client=tw-ob&tl=en&q=damage
30,ultimate,"궁극적인, 최후의",DAY_01,미암기,Normal,https://translate.google.com/translate_tts?ie=UTF-8&client=tw-ob&tl=en&q=ultimate
31,unique,"독특한, 유일무이한",DAY_02,미암기,Normal,https://translate.google.com/translate_tts?ie=UTF-8&client=tw-ob&tl=en&q=unique
32,damage,"손상, 피해",DAY_02,미암기,Normal,https://translate.google.com/translate_tts?ie=UTF-8&client=tw-ob&tl=en&q=damage
33,valuable,"가치 있는, 귀중한",DAY_02,미암기,Normal,https://translate.google.com/translate_tts?ie=UTF-8&client=tw-ob&tl=en&q=valuable
34,reasonable,"합리적인, 타당한",DAY_02,미암기,Normal,https://translate.google.com/translate_tts?ie=UTF-8&client=tw-ob&tl=en&q=reasonable
35,wealth,"부, 재산",DAY_02,미암기,Normal,https://translate.google.com/translate_tts?ie=UTF-8&client=tw-ob&tl=en&q=wealth
36,ability,"능력, 재능",DAY_02,미암기,Normal,https://translate.google.com/translate_tts?ie=UTF-8&client=tw-ob&tl=en&q=ability
37,accept,받아들이다,DAY_02,미암기,Normal,https://translate.google.com/translate_tts?ie=UTF-8&client=tw-ob&tl=en&q=accept
38,narrative,"이야기, 서사",DAY_02,미암기,Normal,https://translate.google.com/translate_tts?ie=UTF-8&client=tw-ob&tl=en&q=narrative
39,gather,"모으다, 모이다",DAY_02,미암기,Normal,https://translate.google.com/translate_tts?ie=UTF-8&client=tw-ob&tl=en&q=gather
40,capacity,"용량, 능력",DAY_02,미암기,Normal,https://translate.google.com/translate_tts?ie=UTF-8&client=tw-ob&tl=en&q=capacity
41,patience,"인내, 끈기",DAY_02,미암기,Normal,https://translate.google.com/translate_tts?ie=UTF-8&client=tw-ob&tl=en&q=patience
42,scenery,"경치, 배경",DAY_02,미암기,Normal,https://translate.google.com/translate_tts?ie=UTF-8&client=tw-ob&tl=en&q=scenery
43,harbor,"항구, 품다",DAY_02,미암기,Normal,https://translate.google.com/translate_tts?ie=UTF-8&client=tw-ob&tl=en&q=harbor
44,generate,"생성하다, 일으키다",DAY_02,미암기,Normal,https://translate.google.com/translate_tts?ie=UTF-8&client=tw-ob&tl=en&q=generate
45,journey,"여정, 여행",DAY_02,미암기,Normal,https://translate.google.com/translate_tts?ie=UTF-8&client=tw-ob&tl=en&q=journey
46,heritage,"유산, 전통",DAY_02,미암기,Normal,https://translate.google.com/translate_tts?ie=UTF-8&client=tw-ob&tl=en&q=heritage
47,impact,"영향, 충격",DAY_02,미암기,Normal,https://translate.google.com/translate_tts?ie=UTF-8&client=tw-ob&tl=en&q=impact
48,background,"배경, 바탕",DAY_02,미암기,Normal,https://translate.google.com/translate_tts?ie=UTF-8&client=tw-ob&tl=en&q=background
49,magnificent,"웅장한, 감명 깊은",DAY_02,미암기,Normal,https://translate.google.com/translate_tts?ie=UTF-8&client=tw-ob&tl=en&q=magnificent
50,justice,"정의, 사법",DAY_02,미암기,Normal,https://translate.google.com/translate_tts?ie=UTF-8&client=tw-ob&tl=en&q=justice
51,identify,"확인하다, 식별하다",DAY_02,미암기,Normal,https://translate.google.com/translate_tts?ie=UTF-8&client=tw-ob&tl=en&q=identify
52,quarter,"4분의 1, 구역",DAY_02,미암기,Normal,https://translate.google.com/translate_tts?ie=UTF-8&client=tw-ob&tl=en&q=quarter
53,temporary,"일시적인, 임시의",DAY_02,미암기,Normal,https://translate.google.com/translate_tts?ie=UTF-8&client=tw-ob&tl=en&q=temporary
54,campaign,"캠페인, 운동",DAY_02,미암기,Normal,https://translate.google.com/translate_tts?ie=UTF-8&client=tw-ob&tl=en&q=campaign
55,laboratory,"실험실, 연구소",DAY_02,미암기,Normal,https://translate.google.com/translate_tts?ie=UTF-8&client=tw-ob&tl=en&q=laboratory
56,economy,경제,DAY_02,미암기,Normal,https://translate.google.com/translate_tts?ie=UTF-8&client=tw-ob&tl=en&q=economy
57,familiar,"익숙한, 친근한",DAY_02,미암기,Normal,https://translate.google.com/translate_tts?ie=UTF-8&client=tw-ob&tl=en&q=familiar
58,facility,"시설, 기능",DAY_02,미암기,Normal,https://translate.google.com/translate_tts?ie=UTF-8&client=tw-ob&tl=en&q=facility
59,object,"물체, 반대하다",DAY_02,미암기,Normal,https://translate.google.com/translate_tts?ie=UTF-8&client=tw-ob&tl=en&q=object
60,balance,"균형, 잔고",DAY_02,미암기,Normal,https://translate.google.com/translate_tts?ie=UTF-8&client=tw-ob&tl=en&q=balance
61,youth,"젊음, 청년",DAY_03,미암기,Normal,https://translate.google.com/translate_tts?ie=UTF-8&client=tw-ob&tl=en&q=youth
62,zone,"구역, 지대",DAY_03,미암기,Normal,https://translate.google.com/translate_tts?ie=UTF-8&client=tw-ob&tl=en&q=zone
63,justice,"정의, 사법",DAY_03,미암기,Normal,https://translate.google.com/translate_tts?ie=UTF-8&client=tw-ob&tl=en&q=justice
64,generate,"생성하다, 일으키다",DAY_03,미암기,Normal,https://translate.google.com/translate_tts?ie=UTF-8&client=tw-ob&tl=en&q=generate
65,knowledge,"지식, 알고 있음",DAY_03,미암기,Normal,https://translate.google.com/translate_tts?ie=UTF-8&client=tw-ob&tl=en&q=knowledge
66,abandon,"버리다, 포기하다",DAY_03,미암기,Normal,https://translate.google.com/translate_tts?ie=UTF-8&client=tw-ob&tl=en&q=abandon
67,sacrifice,"희생, 희생하다",DAY_03,미암기,Normal,https://translate.google.com/translate_tts?ie=UTF-8&client=tw-ob&tl=en&q=sacrifice
68,barrier,"장벽, 장애물",DAY_03,미암기,Normal,https://translate.google.com/translate_tts?ie=UTF-8&client=tw-ob&tl=en&q=barrier
69,narrative,"이야기, 서사",DAY_03,미암기,Normal,https://translate.google.com/translate_tts?ie=UTF-8&client=tw-ob&tl=en&q=narrative
70,patience,"인내, 끈기",DAY_03,미암기,Normal,https://translate.google.com/translate_tts?ie=UTF-8&client=tw-ob&tl=en&q=patience
71,laboratory,"실험실, 연구소",DAY_03,미암기,Normal,https://translate.google.com/translate_tts?ie=UTF-8&client=tw-ob&tl=en&q=laboratory
72,package,"꾸러미, 포장",DAY_03,미암기,Normal,https://translate.google.com/translate_tts?ie=UTF-8&client=tw-ob&tl=en&q=package
73,ultimate,"궁극적인, 최후의",DAY_03,미암기,Normal,https://translate.google.com/translate_tts?ie=UTF-8&client=tw-ob&tl=en&q=ultimate
74,candidate,"후보자, 지원자",DAY_03,미암기,Normal,https://translate.google.com/translate_tts?ie=UTF-8&client=tw-ob&tl=en&q=candidate
75,observe,"관찰하다, 준수하다",DAY_03,미암기,Normal,https://translate.google.com/translate_tts?ie=UTF-8&client=tw-ob&tl=en&q=observe
76,warning,"경고, 주의",DAY_03,미암기,Normal,https://translate.google.com/translate_tts?ie=UTF-8&client=tw-ob&tl=en&q=warning
77,notice,"알림, 알아차리다",DAY_03,미암기,Normal,https://translate.google.com/translate_tts?ie=UTF-8&client=tw-ob&tl=en&q=notice
78,object,"물체, 반대하다",DAY_03,미암기,Normal,https://translate.google.com/translate_tts?ie=UTF-8&client=tw-ob&tl=en&q=object
79,impact,"영향, 충격",DAY_03,미암기,Normal,https://translate.google.com/translate_tts?ie=UTF-8&client=tw-ob&tl=en&q=impact
80,talent,"재능, 장기",DAY_03,미암기,Normal,https://translate.google.com/translate_tts?ie=UTF-8&client=tw-ob&tl=en&q=talent
81,reality,"현실, 실제",DAY_03,미암기,Normal,https://translate.google.com/translate_tts?ie=UTF-8&client=tw-ob&tl=en&q=reality
82,landscape,"풍경, 경치",DAY_03,미암기,Normal,https://translate.google.com/translate_tts?ie=UTF-8&client=tw-ob&tl=en&q=landscape
83,maintain,"유지하다, 주장하다",DAY_03,미암기,Normal,https://translate.google.com/translate_tts?ie=UTF-8&client=tw-ob&tl=en&q=maintain
84,heritage,"유산, 전통",DAY_03,미암기,Normal,https://translate.google.com/translate_tts?ie=UTF-8&client=tw-ob&tl=en&q=heritage
85,qualify,자격을 얻다,DAY_03,미암기,Normal,https://translate.google.com/translate_tts?ie=UTF-8&client=tw-ob&tl=en&q=qualify
86,debate,"토론, 논쟁",DAY_03,미암기,Normal,https://translate.google.com/translate_tts?ie=UTF-8&client=tw-ob&tl=en&q=debate
87,vacant,비어 있는,DAY_03,미암기,Normal,https://translate.google.com/translate_tts?ie=UTF-8&client=tw-ob&tl=en&q=vacant
88,element,"요소, 성분",DAY_03,미암기,Normal,https://translate.google.com/translate_tts?ie=UTF-8&client=tw-ob&tl=en&q=element
89,familiar,"익숙한, 친근한",DAY_03,미암기,Normal,https://translate.google.com/translate_tts?ie=UTF-8&client=tw-ob&tl=en&q=familiar
90,magnificent,"웅장한, 감명 깊은",DAY_03,미암기,Normal,https://translate.google.com/translate_tts?ie=UTF-8&client=tw-ob&tl=en&q=magnificent
91,sacrifice,"희생, 희생하다",DAY_04,미암기,Normal,https://translate.google.com/translate_tts?ie=UTF-8&client=tw-ob&tl=en&q=sacrifice
92,qualify,자격을 얻다,DAY_04,미암기,Normal,https://translate.google.com/translate_tts?ie=UTF-8&client=tw-ob&tl=en&q=qualify
93,quarter,"4분의 1, 구역",DAY_04,미암기,Normal,https://translate.google.com/translate_tts?ie=UTF-8&client=tw-ob&tl=en&q=quarter
94,scenery,"경치, 배경",DAY_04,미암기,Normal,https://translate.google.com/translate_tts?ie=UTF-8&client=tw-ob&tl=en&q=scenery
95,damage,"손상, 피해",DAY_04,미암기,Normal,https://translate.google.com/translate_tts?ie=UTF-8&client=tw-ob&tl=en&q=damage
96,background,"배경, 바탕",DAY_04,미암기,Normal,https://translate.google.com/translate_tts?ie=UTF-8&client=tw-ob&tl=en&q=background
97,gather,"모으다, 모이다",DAY_04,미암기,Normal,https://translate.google.com/translate_tts?ie=UTF-8&client=tw-ob&tl=en&q=gather
98,wealth,"부, 재산",DAY_04,미암기,Normal,https://translate.google.com/translate_tts?ie=UTF-8&client=tw-ob&tl=en&q=wealth
99,identify,"확인하다, 식별하다",DAY_04,미암기,Normal,https://translate.google.com/translate_tts?ie=UTF-8&client=tw-ob&tl=en&q=identify
100,facility,"시설, 기능",DAY_04,미암기,Normal,https://translate.google.com/translate_tts?ie=UTF-8&client=tw-ob&tl=en&q=facility
101,talent,"재능, 장기",DAY_04,미암기,Normal,https://translate.google.com/translate_tts?ie=UTF-8&client=tw-ob&tl=en&q=talent
102,capacity,"용량, 능력",DAY_04,미암기,Normal,https://translate.google.com/translate_tts?ie=UTF-8&client=tw-ob&tl=en&q=capacity
103,temporary,"일시적인, 임시의",DAY_04,미암기,Normal,https://translate.google.com/translate_tts?ie=UTF-8&client=tw-ob&tl=en&q=temporary
104,notice,"알림, 알아차리다",DAY_04,미암기,Normal,https://translate.google.com/translate_tts?ie=UTF-8&client=tw-ob&tl=en&q=notice
105,unique,"독특한, 유일무이한",DAY_04,미암기,Normal,https://translate.google.com/translate_tts?ie=UTF-8&client=tw-ob&tl=en&q=unique
106,reality,"현실, 실제",DAY_04,미암기,Normal,https://translate.google.com/translate_tts?ie=UTF-8&client=tw-ob&tl=en&q=reality
107,package,"꾸러미, 포장",DAY_04,미암기,Normal,https://translate.google.com/translate_tts?ie=UTF-8&client=tw-ob&tl=en&q=package
108,journey,"여정, 여행",DAY_04,미암기,Normal,https://translate.google.com/translate_tts?ie=UTF-8&client=tw-ob&tl=en&q=journey
109,observe,"관찰하다, 준수하다",DAY_04,미암기,Normal,https://translate.google.com/translate_tts?ie=UTF-8&client=tw-ob&tl=en&q=observe
110,reasonable,"합리적인, 타당한",DAY_04,미암기,Normal,https://translate.google.com/translate_tts?ie=UTF-8&client=tw-ob&tl=en&q=reasonable
111,ability,"능력, 재능",DAY_04,미암기,Normal,https://translate.google.com/translate_tts?ie=UTF-8&client=tw-ob&tl=en&q=ability
112,landscape,"풍경, 경치",DAY_04,미암기,Normal,https://translate.google.com/translate_tts?ie=UTF-8&client=tw-ob&tl=en&q=landscape
113,accept,받아들이다,DAY_04,미암기,Normal,https://translate.google.com/translate_tts?ie=UTF-8&client=tw-ob&tl=en&q=accept
114,harbor,"항구, 품다",DAY_04,미암기,Normal,https://translate.google.com/translate_tts?ie=UTF-8&client=tw-ob&tl=en&q=harbor
115,maintain,"유지하다, 주장하다",DAY_04,미암기,Normal,https://translate.google.com/translate_tts?ie=UTF-8&client=tw-ob&tl=en&q=maintain
116,knowledge,"지식, 알고 있음",DAY_04,미암기,Normal,https://translate.google.com/translate_tts?ie=UTF-8&client=tw-ob&tl=en&q=knowledge
117,balance,"균형, 잔고",DAY_04,미암기,Normal,https://translate.google.com/translate_tts?ie=UTF-8&client=tw-ob&tl=en&q=balance
118,campaign,"캠페인, 운동",DAY_04,미암기,Normal,https://translate.google.com/translate_tts?ie=UTF-8&client=tw-ob&tl=en&q=campaign
119,economy,경제,DAY_04,미암기,Normal,https://translate.google.com/translate_tts?ie=UTF-8&client=tw-ob&tl=en&q=economy
120,valuable,"가치 있는, 귀중한",DAY_04,미암기,Normal,https://translate.google.com/translate_tts?ie=UTF-8&client=tw-ob&tl=en&q=valuable
121,valuable,"가치 있는, 귀중한",DAY_05,미암기,Normal,https://translate.google.com/translate_tts?ie=UTF-8&client=tw-ob&tl=en&q=valuable
122,patience,"인내, 끈기",DAY_05,미암기,Normal,https://translate.google.com/translate_tts?ie=UTF-8&client=tw-ob&tl=en&q=patience
123,element,"요소, 성분",DAY_05,미암기,Normal,https://translate.google.com/translate_tts?ie=UTF-8&client=tw-ob&tl=en&q=element
124,abandon,"버리다, 포기하다",DAY_05,미암기,Normal,https://translate.google.com/translate_tts?ie=UTF-8&client=tw-ob&tl=en&q=abandon
125,scenery,"경치, 배경",DAY_05,미암기,Normal,https://translate.google.com/translate_tts?ie=UTF-8&client=tw-ob&tl=en&q=scenery
126,wealth,"부, 재산",DAY_05,미암기,Normal,https://translate.google.com/translate_tts?ie=UTF-8&client=tw-ob&tl=en&q=wealth
127,youth,"젊음, 청년",DAY_05,미암기,Normal,https://translate.google.com/translate_tts?ie=UTF-8&client=tw-ob&tl=en&q=youth
128,justice,"정의, 사법",DAY_05,미암기,Normal,https://translate.google.com/translate_tts?ie=UTF-8&client=tw-ob&tl=en&q=justice
129,barrier,"장벽, 장애물",DAY_05,미암기,Normal,https://translate.google.com/translate_tts?ie=UTF-8&client=tw-ob&tl=en&q=barrier
130,quarter,"4분의 1, 구역",DAY_05,미암기,Normal,https://translate.google.com/translate_tts?ie=UTF-8&client=tw-ob&tl=en&q=quarter
131,familiar,"익숙한, 친근한",DAY_05,미암기,Normal,https://translate.google.com/translate_tts?ie=UTF-8&client=tw-ob&tl=en&q=familiar
132,accept,받아들이다,DAY_05,미암기,Normal,https://translate.google.com/translate_tts?ie=UTF-8&client=tw-ob&tl=en&q=accept
133,vacant,비어 있는,DAY_05,미암기,Normal,https://translate.google.com/translate_tts?ie=UTF-8&client=tw-ob&tl=en&q=vacant
134,ultimate,"궁극적인, 최후의",DAY_05,미암기,Normal,https://translate.google.com/translate_tts?ie=UTF-8&client=tw-ob&tl=en&q=ultimate
135,reasonable,"합리적인, 타당한",DAY_05,미암기,Normal,https://translate.google.com/translate_tts?ie=UTF-8&client=tw-ob&tl=en&q=reasonable
136,warning,"경고, 주의",DAY_05,미암기,Normal,https://translate.google.com/translate_tts?ie=UTF-8&client=tw-ob&tl=en&q=warning
137,laboratory,"실험실, 연구소",DAY_05,미암기,Normal,https://translate.google.com/translate_tts?ie=UTF-8&client=tw-ob&tl=en&q=laboratory
138,magnificent,"웅장한, 감명 깊은",DAY_05,미암기,Normal,https://translate.google.com/translate_tts?ie=UTF-8&client=tw-ob&tl=en&q=magnificent
139,zone,"구역, 지대",DAY_05,미암기,Normal,https://translate.google.com/translate_tts?ie=UTF-8&client=tw-ob&tl=en&q=zone
140,candidate,"후보자, 지원자",DAY_05,미암기,Normal,https://translate.google.com/translate_tts?ie=UTF-8&client=tw-ob&tl=en&q=candidate
141,generate,"생성하다, 일으키다",DAY_05,미암기,Normal,https://translate.google.com/translate_tts?ie=UTF-8&client=tw-ob&tl=en&q=generate
142,heritage,"유산, 전통",DAY_05,미암기,Normal,https://translate.google.com/translate_tts?ie=UTF-8&client=tw-ob&tl=en&q=heritage
143,unique,"독특한, 유일무이한",DAY_05,미암기,Normal,https://translate.google.com/translate_tts?ie=UTF-8&client=tw-ob&tl=en&q=unique
144,impact,"영향, 충격",DAY_05,미암기,Normal,https://translate.google.com/translate_tts?ie=UTF-8&client=tw-ob&tl=en&q=impact
145,object,"물체, 반대하다",DAY_05,미암기,Normal,https://translate.google.com/translate_tts?ie=UTF-8&client=tw-ob&tl=en&q=object
146,capacity,"용량, 능력",DAY_05,미암기,Normal,https://translate.google.com/translate_tts?ie=UTF-8&client=tw-ob&tl=en&q=capacity
147,debate,"토론, 논쟁",DAY_05,미암기,Normal,https://translate.google.com/translate_tts?ie=UTF-8&client=tw-ob&tl=en&q=debate
148,balance,"균형, 잔고",DAY_05,미암기,Normal,https://translate.google.com/translate_tts?ie=UTF-8&client=tw-ob&tl=en&q=balance
149,narrative,"이야기, 서사",DAY_05,미암기,Normal,https://translate.google.com/translate_tts?ie=UTF-8&client=tw-ob&tl=en&q=narrative
150,temporary,"일시적인, 임시의",DAY_05,미암기,Normal,https://translate.google.com/translate_tts?ie=UTF-8&client=tw-ob&tl=en&q=temporary
151,talent,"재능, 장기",DAY_06,미암기,Normal,https://translate.google.com/translate_tts?ie=UTF-8&client=tw-ob&tl=en&q=talent
152,sacrifice,"희생, 희생하다",DAY_06,미암기,Normal,https://translate.google.com/translate_tts?ie=UTF-8&client=tw-ob&tl=en&q=sacrifice
153,qualify,자격을 얻다,DAY_06,미암기,Normal,https://translate.google.com/translate_tts?ie=UTF-8&client=tw-ob&tl=en&q=qualify
154,observe,"관찰하다, 준수하다",DAY_06,미암기,Normal,https://translate.google.com/translate_tts?ie=UTF-8&client=tw-ob&tl=en&q=observe
155,warning,"경고, 주의",DAY_06,미암기,Normal,https://translate.google.com/translate_tts?ie=UTF-8&client=tw-ob&tl=en&q=warning
156,package,"꾸러미, 포장",DAY_06,미암기,Normal,https://translate.google.com/translate_tts?ie=UTF-8&client=tw-ob&tl=en&q=package
157,gather,"모으다, 모이다",DAY_06,미암기,Normal,https://translate.google.com/translate_tts?ie=UTF-8&client=tw-ob&tl=en&q=gather
158,background,"배경, 바탕",DAY_06,미암기,Normal,https://translate.google.com/translate_tts?ie=UTF-8&client=tw-ob&tl=en&q=background
159,campaign,"캠페인, 운동",DAY_06,미암기,Normal,https://translate.google.com/translate_tts?ie=UTF-8&client=tw-ob&tl=en&q=campaign
160,abandon,"버리다, 포기하다",DAY_06,미암기,Normal,https://translate.google.com/translate_tts?ie=UTF-8&client=tw-ob&tl=en&q=abandon
161,economy,경제,DAY_06,미암기,Normal,https://translate.google.com/translate_tts?ie=UTF-8&client=tw-ob&tl=en&q=economy
162,maintain,"유지하다, 주장하다",DAY_06,미암기,Normal,https://translate.google.com/translate_tts?ie=UTF-8&client=tw-ob&tl=en&q=maintain
163,landscape,"풍경, 경치",DAY_06,미암기,Normal,https://translate.google.com/translate_tts?ie=UTF-8&client=tw-ob&tl=en&q=landscape
164,debate,"토론, 논쟁",DAY_06,미암기,Normal,https://translate.google.com/translate_tts?ie=UTF-8&client=tw-ob&tl=en&q=debate
165,harbor,"항구, 품다",DAY_06,미암기,Normal,https://translate.google.com/translate_tts?ie=UTF-8&client=tw-ob&tl=en&q=harbor
166,facility,"시설, 기능",DAY_06,미암기,Normal,https://translate.google.com/translate_tts?ie=UTF-8&client=tw-ob&tl=en&q=facility
167,notice,"알림, 알아차리다",DAY_06,미암기,Normal,https://translate.google.com/translate_tts?ie=UTF-8&client=tw-ob&tl=en&q=notice
168,journey,"여정, 여행",DAY_06,미암기,Normal,https://translate.google.com/translate_tts?ie=UTF-8&client=tw-ob&tl=en&q=journey
169,zone,"구역, 지대",DAY_06,미암기,Normal,https://translate.google.com/translate_tts?ie=UTF-8&client=tw-ob&tl=en&q=zone
170,knowledge,"지식, 알고 있음",DAY_06,미암기,Normal,https://translate.google.com/translate_tts?ie=UTF-8&client=tw-ob&tl=en&q=knowledge
171,ultimate,"궁극적인, 최후의",DAY_06,미암기,Normal,https://translate.google.com/translate_tts?ie=UTF-8&client=tw-ob&tl=en&q=ultimate
172,identify,"확인하다, 식별하다",DAY_06,미암기,Normal,https://translate.google.com/translate_tts?ie=UTF-8&client=tw-ob&tl=en&q=identify
173,element,"요소, 성분",DAY_06,미암기,Normal,https://translate.google.com/translate_tts?ie=UTF-8&client=tw-ob&tl=en&q=element
174,barrier,"장벽, 장애물",DAY_06,미암기,Normal,https://translate.google.com/translate_tts?ie=UTF-8&client=tw-ob&tl=en&q=barrier
175,damage,"손상, 피해",DAY_06,미암기,Normal,https://translate.google.com/translate_tts?ie=UTF-8&client=tw-ob&tl=en&q=damage
176,youth,"젊음, 청년",DAY_06,미암기,Normal,https://translate.google.com/translate_tts?ie=UTF-8&client=tw-ob&tl=en&q=youth
177,vacant,비어 있는,DAY_06,미암기,Normal,https://translate.google.com/translate_tts?ie=UTF-8&client=tw-ob&tl=en&q=vacant
178,ability,"능력, 재능",DAY_06,미암기,Normal,https://translate.google.com/translate_tts?ie=UTF-8&client=tw-ob&tl=en&q=ability
179,candidate,"후보자, 지원자",DAY_06,미암기,Normal,https://translate.google.com/translate_tts?ie=UTF-8&client=tw-ob&tl=en&q=candidate
180,reality,"현실, 실제",DAY_06,미암기,Normal,https://translate.google.com/translate_tts?ie=UTF-8&client=tw-ob&tl=en&q=reality
181,ability,"능력, 재능",DAY_07,미암기,Normal,https://translate.google.com/translate_tts?ie=UTF-8&client=tw-ob&tl=en&q=ability
182,campaign,"캠페인, 운동",DAY_07,미암기,Normal,https://translate.google.com/translate_tts?ie=UTF-8&client=tw-ob&tl=en&q=campaign
183,justice,"정의, 사법",DAY_07,미암기,Normal,https://translate.google.com/translate_tts?ie=UTF-8&client=tw-ob&tl=en&q=justice
184,magnificent,"웅장한, 감명 깊은",DAY_07,미암기,Normal,https://translate.google.com/translate_tts?ie=UTF-8&client=tw-ob&tl=en&q=magnificent
185,unique,"독특한, 유일무이한",DAY_07,미암기,Normal,https://translate.google.com/translate_tts?ie=UTF-8&client=tw-ob&tl=en&q=unique
186,identify,"확인하다, 식별하다",DAY_07,미암기,Normal,https://translate.google.com/translate_tts?ie=UTF-8&client=tw-ob&tl=en&q=identify
187,temporary,"일시적인, 임시의",DAY_07,미암기,Normal,https://translate.google.com/translate_tts?ie=UTF-8&client=tw-ob&tl=en&q=temporary
188,heritage,"유산, 전통",DAY_07,미암기,Normal,https://translate.google.com/translate_tts?ie=UTF-8&client=tw-ob&tl=en&q=heritage
189,object,"물체, 반대하다",DAY_07,미암기,Normal,https://translate.google.com/translate_tts?ie=UTF-8&client=tw-ob&tl=en&q=object
190,balance,"균형, 잔고",DAY_07,미암기,Normal,https://translate.google.com/translate_tts?ie=UTF-8&client=tw-ob&tl=en&q=balance
191,facility,"시설, 기능",DAY_07,미암기,Normal,https://translate.google.com/translate_tts?ie=UTF-8&client=tw-ob&tl=en&q=facility
192,scenery,"경치, 배경",DAY_07,미암기,Normal,https://translate.google.com/translate_tts?ie=UTF-8&client=tw-ob&tl=en&q=scenery
193,background,"배경, 바탕",DAY_07,미암기,Normal,https://translate.google.com/translate_tts?ie=UTF-8&client=tw-ob&tl=en&q=background
194,harbor,"항구, 품다",DAY_07,미암기,Normal,https://translate.google.com/translate_tts?ie=UTF-8&client=tw-ob&tl=en&q=harbor
195,damage,"손상, 피해",DAY_07,미암기,Normal,https://translate.google.com/translate_tts?ie=UTF-8&client=tw-ob&tl=en&q=damage
196,generate,"생성하다, 일으키다",DAY_07,미암기,Normal,https://translate.google.com/translate_tts?ie=UTF-8&client=tw-ob&tl=en&q=generate
197,narrative,"이야기, 서사",DAY_07,미암기,Normal,https://translate.google.com/translate_tts?ie=UTF-8&client=tw-ob&tl=en&q=narrative
198,patience,"인내, 끈기",DAY_07,미암기,Normal,https://translate.google.com/translate_tts?ie=UTF-8&client=tw-ob&tl=en&q=patience
199,reasonable,"합리적인, 타당한",DAY_07,미암기,Normal,https://translate.google.com/translate_tts?ie=UTF-8&client=tw-ob&tl=en&q=reasonable
200,impact,"영향, 충격",DAY_07,미암기,Normal,https://translate.google.com/translate_tts?ie=UTF-8&client=tw-ob&tl=en&q=impact
201,gather,"모으다, 모이다",DAY_07,미암기,Normal,https://translate.google.com/translate_tts?ie=UTF-8&client=tw-ob&tl=en&q=gather
202,valuable,"가치 있는, 귀중한",DAY_07,미암기,Normal,https://translate.google.com/translate_tts?ie=UTF-8&client=tw-ob&tl=en&q=valuable
203,quarter,"4분의 1, 구역",DAY_07,미암기,Normal,https://translate.google.com/translate_tts?ie=UTF-8&client=tw-ob&tl=en&q=quarter
204,capacity,"용량, 능력",DAY_07,미암기,Normal,https://translate.google.com/translate_tts?ie=UTF-8&client=tw-ob&tl=en&q=capacity
205,familiar,"익숙한, 친근한",DAY_07,미암기,Normal,https://translate.google.com/translate_tts?ie=UTF-8&client=tw-ob&tl=en&q=familiar
206,wealth,"부, 재산",DAY_07,미암기,Normal,https://translate.google.com/translate_tts?ie=UTF-8&client=tw-ob&tl=en&q=wealth
207,journey,"여정, 여행",DAY_07,미암기,Normal,https://translate.google.com/translate_tts?ie=UTF-8&client=tw-ob&tl=en&q=journey
208,accept,받아들이다,DAY_07,미암기,Normal,https://translate.google.com/translate_tts?ie=UTF-8&client=tw-ob&tl=en&q=accept
209,laboratory,"실험실, 연구소",DAY_07,미암기,Normal,https://translate.google.com/translate_tts?ie=UTF-8&client=tw-ob&tl=en&q=laboratory
210,economy,경제,DAY_07,미암기,Normal,https://translate.google.com/translate_tts?ie=UTF-8&client=tw-ob&tl=en&q=economy
211,element,"요소, 성분",DAY_08,미암기,Normal,https://translate.google.com/translate_tts?ie=UTF-8&client=tw-ob&tl=en&q=element
212,reality,"현실, 실제",DAY_08,미암기,Normal,https://translate.google.com/translate_tts?ie=UTF-8&client=tw-ob&tl=en&q=reality
213,maintain,"유지하다, 주장하다",DAY_08,미암기,Normal,https://translate.google.com/translate_tts?ie=UTF-8&client=tw-ob&tl=en&q=maintain
214,narrative,"이야기, 서사",DAY_08,미암기,Normal,https://translate.google.com/translate_tts?ie=UTF-8&client=tw-ob&tl=en&q=narrative
215,ultimate,"궁극적인, 최후의",DAY_08,미암기,Normal,https://translate.google.com/translate_tts?ie=UTF-8&client=tw-ob&tl=en&q=ultimate
216,generate,"생성하다, 일으키다",DAY_08,미암기,Normal,https://translate.google.com/translate_tts?ie=UTF-8&client=tw-ob&tl=en&q=generate
217,observe,"관찰하다, 준수하다",DAY_08,미암기,Normal,https://translate.google.com/translate_tts?ie=UTF-8&client=tw-ob&tl=en&q=observe
218,youth,"젊음, 청년",DAY_08,미암기,Normal,https://translate.google.com/translate_tts?ie=UTF-8&client=tw-ob&tl=en&q=youth
219,sacrifice,"희생, 희생하다",DAY_08,미암기,Normal,https://translate.google.com/translate_tts?ie=UTF-8&client=tw-ob&tl=en&q=sacrifice
220,magnificent,"웅장한, 감명 깊은",DAY_08,미암기,Normal,https://translate.google.com/translate_tts?ie=UTF-8&client=tw-ob&tl=en&q=magnificent
221,knowledge,"지식, 알고 있음",DAY_08,미암기,Normal,https://translate.google.com/translate_tts?ie=UTF-8&client=tw-ob&tl=en&q=knowledge
222,package,"꾸러미, 포장",DAY_08,미암기,Normal,https://translate.google.com/translate_tts?ie=UTF-8&client=tw-ob&tl=en&q=package
223,landscape,"풍경, 경치",DAY_08,미암기,Normal,https://translate.google.com/translate_tts?ie=UTF-8&client=tw-ob&tl=en&q=landscape
224,object,"물체, 반대하다",DAY_08,미암기,Normal,https://translate.google.com/translate_tts?ie=UTF-8&client=tw-ob&tl=en&q=object
225,abandon,"버리다, 포기하다",DAY_08,미암기,Normal,https://translate.google.com/translate_tts?ie=UTF-8&client=tw-ob&tl=en&q=abandon
226,notice,"알림, 알아차리다",DAY_08,미암기,Normal,https://translate.google.com/translate_tts?ie=UTF-8&client=tw-ob&tl=en&q=notice
227,debate,"토론, 논쟁",DAY_08,미암기,Normal,https://translate.google.com/translate_tts?ie=UTF-8&client=tw-ob&tl=en&q=debate
228,barrier,"장벽, 장애물",DAY_08,미암기,Normal,https://translate.google.com/translate_tts?ie=UTF-8&client=tw-ob&tl=en&q=barrier
229,zone,"구역, 지대",DAY_08,미암기,Normal,https://translate.google.com/translate_tts?ie=UTF-8&client=tw-ob&tl=en&q=zone
230,vacant,비어 있는,DAY_08,미암기,Normal,https://translate.google.com/translate_tts?ie=UTF-8&client=tw-ob&tl=en&q=vacant
231,familiar,"익숙한, 친근한",DAY_08,미암기,Normal,https://translate.google.com/translate_tts?ie=UTF-8&client=tw-ob&tl=en&q=familiar
232,warning,"경고, 주의",DAY_08,미암기,Normal,https://translate.google.com/translate_tts?ie=UTF-8&client=tw-ob&tl=en&q=warning
233,talent,"재능, 장기",DAY_08,미암기,Normal,https://translate.google.com/translate_tts?ie=UTF-8&client=tw-ob&tl=en&q=talent
234,laboratory,"실험실, 연구소",DAY_08,미암기,Normal,https://translate.google.com/translate_tts?ie=UTF-8&client=tw-ob&tl=en&q=laboratory
235,patience,"인내, 끈기",DAY_08,미암기,Normal,https://translate.google.com/translate_tts?ie=UTF-8&client=tw-ob&tl=en&q=patience
236,heritage,"유산, 전통",DAY_08,미암기,Normal,https://translate.google.com/translate_tts?ie=UTF-8&client=tw-ob&tl=en&q=heritage
237,impact,"영향, 충격",DAY_08,미암기,Normal,https://translate.google.com/translate_tts?ie=UTF-8&client=tw-ob&tl=en&q=impact
238,justice,"정의, 사법",DAY_08,미암기,Normal,https://translate.google.com/translate_tts?ie=UTF-8&client=tw-ob&tl=en&q=justice
239,candidate,"후보자, 지원자",DAY_08,미암기,Normal,https://translate.google.com/translate_tts?ie=UTF-8&client=tw-ob&tl=en&q=candidate
240,qualify,자격을 얻다,DAY_08,미암기,Normal,https://translate.google.com/translate_tts?ie=UTF-8&client=tw-ob&tl=en&q=qualify
241,maintain,"유지하다, 주장하다",DAY_09,미암기,Normal,https://translate.google.com/translate_tts?ie=UTF-8&client=tw-ob&tl=en&q=maintain
242,quarter,"4분의 1, 구역",DAY_09,미암기,Normal,https://translate.google.com/translate_tts?ie=UTF-8&client=tw-ob&tl=en&q=quarter
243,damage,"손상, 피해",DAY_09,미암기,Normal,https://translate.google.com/translate_tts?ie=UTF-8&client=tw-ob&tl=en&q=damage
244,identify,"확인하다, 식별하다",DAY_09,미암기,Normal,https://translate.google.com/translate_tts?ie=UTF-8&client=tw-ob&tl=en&q=identify
245,valuable,"가치 있는, 귀중한",DAY_09,미암기,Normal,https://translate.google.com/translate_tts?ie=UTF-8&client=tw-ob&tl=en&q=valuable
246,qualify,자격을 얻다,DAY_09,미암기,Normal,https://translate.google.com/translate_tts?ie=UTF-8&client=tw-ob&tl=en&q=qualify
247,package,"꾸러미, 포장",DAY_09,미암기,Normal,https://translate.google.com/translate_tts?ie=UTF-8&client=tw-ob&tl=en&q=package
248,background,"배경, 바탕",DAY_09,미암기,Normal,https://translate.google.com/translate_tts?ie=UTF-8&client=tw-ob&tl=en&q=background
249,capacity,"용량, 능력",DAY_09,미암기,Normal,https://translate.google.com/translate_tts?ie=UTF-8&client=tw-ob&tl=en&q=capacity
250,reality,"현실, 실제",DAY_09,미암기,Normal,https://translate.google.com/translate_tts?ie=UTF-8&client=tw-ob&tl=en&q=reality
251,temporary,"일시적인, 임시의",DAY_09,미암기,Normal,https://translate.google.com/translate_tts?ie=UTF-8&client=tw-ob&tl=en&q=temporary
252,journey,"여정, 여행",DAY_09,미암기,Normal,https://translate.google.com/translate_tts?ie=UTF-8&client=tw-ob&tl=en&q=journey
253,economy,경제,DAY_09,미암기,Normal,https://translate.google.com/translate_tts?ie=UTF-8&client=tw-ob&tl=en&q=economy
254,observe,"관찰하다, 준수하다",DAY_09,미암기,Normal,https://translate.google.com/translate_tts?ie=UTF-8&client=tw-ob&tl=en&q=observe
255,campaign,"캠페인, 운동",DAY_09,미암기,Normal,https://translate.google.com/translate_tts?ie=UTF-8&client=tw-ob&tl=en&q=campaign
256,notice,"알림, 알아차리다",DAY_09,미암기,Normal,https://translate.google.com/translate_tts?ie=UTF-8&client=tw-ob&tl=en&q=notice
257,knowledge,"지식, 알고 있음",DAY_09,미암기,Normal,https://translate.google.com/translate_tts?ie=UTF-8&client=tw-ob&tl=en&q=knowledge
258,unique,"독특한, 유일무이한",DAY_09,미암기,Normal,https://translate.google.com/translate_tts?ie=UTF-8&client=tw-ob&tl=en&q=unique
259,harbor,"항구, 품다",DAY_09,미암기,Normal,https://translate.google.com/translate_tts?ie=UTF-8&client=tw-ob&tl=en&q=harbor
260,wealth,"부, 재산",DAY_09,미암기,Normal,https://translate.google.com/translate_tts?ie=UTF-8&client=tw-ob&tl=en&q=wealth
261,facility,"시설, 기능",DAY_09,미암기,Normal,https://translate.google.com/translate_tts?ie=UTF-8&client=tw-ob&tl=en&q=facility
262,landscape,"풍경, 경치",DAY_09,미암기,Normal,https://translate.google.com/translate_tts?ie=UTF-8&client=tw-ob&tl=en&q=landscape
263,balance,"균형, 잔고",DAY_09,미암기,Normal,https://translate.google.com/translate_tts?ie=UTF-8&client=tw-ob&tl=en&q=balance
264,talent,"재능, 장기",DAY_09,미암기,Normal,https://translate.google.com/translate_tts?ie=UTF-8&client=tw-ob&tl=en&q=talent
265,gather,"모으다, 모이다",DAY_09,미암기,Normal,https://translate.google.com/translate_tts?ie=UTF-8&client=tw-ob&tl=en&q=gather
266,sacrifice,"희생, 희생하다",DAY_09,미암기,Normal,https://translate.google.com/translate_tts?ie=UTF-8&client=tw-ob&tl=en&q=sacrifice
267,ability,"능력, 재능",DAY_09,미암기,Normal,https://translate.google.com/translate_tts?ie=UTF-8&client=tw-ob&tl=en&q=ability
268,reasonable,"합리적인, 타당한",DAY_09,미암기,Normal,https://translate.google.com/translate_tts?ie=UTF-8&client=tw-ob&tl=en&q=reasonable
269,scenery,"경치, 배경",DAY_09,미암기,Normal,https://translate.google.com/translate_tts?ie=UTF-8&client=tw-ob&tl=en&q=scenery
270,accept,받아들이다,DAY_09,미암기,Normal,https://translate.google.com/translate_tts?ie=UTF-8&client=tw-ob&tl=en&q=accept
271,debate,"토론, 논쟁",DAY_10,미암기,Normal,https://translate.google.com/translate_tts?ie=UTF-8&client=tw-ob&tl=en&q=debate
272,impact,"영향, 충격",DAY_10,미암기,Normal,https://translate.google.com/translate_tts?ie=UTF-8&client=tw-ob&tl=en&q=impact
273,scenery,"경치, 배경",DAY_10,미암기,Normal,https://translate.google.com/translate_tts?ie=UTF-8&client=tw-ob&tl=en&q=scenery
274,magnificent,"웅장한, 감명 깊은",DAY_10,미암기,Normal,https://translate.google.com/translate_tts?ie=UTF-8&client=tw-ob&tl=en&q=magnificent
275,unique,"독특한, 유일무이한",DAY_10,미암기,Normal,https://translate.google.com/translate_tts?ie=UTF-8&client=tw-ob&tl=en&q=unique
276,abandon,"버리다, 포기하다",DAY_10,미암기,Normal,https://translate.google.com/translate_tts?ie=UTF-8&client=tw-ob&tl=en&q=abandon
277,ultimate,"궁극적인, 최후의",DAY_10,미암기,Normal,https://translate.google.com/translate_tts?ie=UTF-8&client=tw-ob&tl=en&q=ultimate
278,element,"요소, 성분",DAY_10,미암기,Normal,https://translate.google.com/translate_tts?ie=UTF-8&client=tw-ob&tl=en&q=element
279,generate,"생성하다, 일으키다",DAY_10,미암기,Normal,https://translate.google.com/translate_tts?ie=UTF-8&client=tw-ob&tl=en&q=generate
280,valuable,"가치 있는, 귀중한",DAY_10,미암기,Normal,https://translate.google.com/translate_tts?ie=UTF-8&client=tw-ob&tl=en&q=valuable
281,capacity,"용량, 능력",DAY_10,미암기,Normal,https://translate.google.com/translate_tts?ie=UTF-8&client=tw-ob&tl=en&q=capacity
282,accept,받아들이다,DAY_10,미암기,Normal,https://translate.google.com/translate_tts?ie=UTF-8&client=tw-ob&tl=en&q=accept
283,laboratory,"실험실, 연구소",DAY_10,미암기,Normal,https://translate.google.com/translate_tts?ie=UTF-8&client=tw-ob&tl=en&q=laboratory
284,warning,"경고, 주의",DAY_10,미암기,Normal,https://translate.google.com/translate_tts?ie=UTF-8&client=tw-ob&tl=en&q=warning
285,object,"물체, 반대하다",DAY_10,미암기,Normal,https://translate.google.com/translate_tts?ie=UTF-8&client=tw-ob&tl=en&q=object
286,zone,"구역, 지대",DAY_10,미암기,Normal,https://translate.google.com/translate_tts?ie=UTF-8&client=tw-ob&tl=en&q=zone
287,justice,"정의, 사법",DAY_10,미암기,Normal,https://translate.google.com/translate_tts?ie=UTF-8&client=tw-ob&tl=en&q=justice
288,narrative,"이야기, 서사",DAY_10,미암기,Normal,https://translate.google.com/translate_tts?ie=UTF-8&client=tw-ob&tl=en&q=narrative
289,patience,"인내, 끈기",DAY_10,미암기,Normal,https://translate.google.com/translate_tts?ie=UTF-8&client=tw-ob&tl=en&q=patience
290,barrier,"장벽, 장애물",DAY_10,미암기,Normal,https://translate.google.com/translate_tts?ie=UTF-8&client=tw-ob&tl=en&q=barrier
291,candidate,"후보자, 지원자",DAY_10,미암기,Normal,https://translate.google.com/translate_tts?ie=UTF-8&client=tw-ob&tl=en&q=candidate
292,wealth,"부, 재산",DAY_10,미암기,Normal,https://translate.google.com/translate_tts?ie=UTF-8&client=tw-ob&tl=en&q=wealth
293,familiar,"익숙한, 친근한",DAY_10,미암기,Normal,https://translate.google.com/translate_tts?ie=UTF-8&client=tw-ob&tl=en&q=familiar
294,temporary,"일시적인, 임시의",DAY_10,미암기,Normal,https://translate.google.com/translate_tts?ie=UTF-8&client=tw-ob&tl=en&q=temporary
295,heritage,"유산, 전통",DAY_10,미암기,Normal,https://translate.google.com/translate_tts?ie=UTF-8&client=tw-ob&tl=en&q=heritage
296,vacant,비어 있는,DAY_10,미암기,Normal,https://translate.google.com/translate_tts?ie=UTF-8&client=tw-ob&tl=en&q=vacant
297,youth,"젊음, 청년",DAY_10,미암기,Normal,https://translate.google.com/translate_tts?ie=UTF-8&client=tw-ob&tl=en&q=youth
298,balance,"균형, 잔고",DAY_10,미암기,Normal,https://translate.google.com/translate_tts?ie=UTF-8&client=tw-ob&tl=en&q=balance
299,quarter,"4분의 1, 구역",DAY_10,미암기,Normal,https://translate.google.com/translate_tts?ie=UTF-8&client=tw-ob&tl=en&q=quarter
300,reasonable,"합리적인, 타당한",DAY_10,미암기,Normal,https://translate.google.com/translate_tts?ie=UTF-8&client=tw-ob&tl=en&q=reasonable
301,qualify,자격을 얻다,DAY_11,미암기,Normal,https://translate.google.com/translate_tts?ie=UTF-8&client=tw-ob&tl=en&q=qualify
302,warning,"경고, 주의",DAY_11,미암기,Normal,https://translate.google.com/translate_tts?ie=UTF-8&client=tw-ob&tl=en&q=warning
303,abandon,"버리다, 포기하다",DAY_11,미암기,Normal,https://translate.google.com/translate_tts?ie=UTF-8&client=tw-ob&tl=en&q=abandon
304,economy,경제,DAY_11,미암기,Normal,https://translate.google.com/translate_tts?ie=UTF-8&client=tw-ob&tl=en&q=economy
305,ultimate,"궁극적인, 최후의",DAY_11,미암기,Normal,https://translate.google.com/translate_tts?ie=UTF-8&client=tw-ob&tl=en&q=ultimate
306,youth,"젊음, 청년",DAY_11,미암기,Normal,https://translate.google.com/translate_tts?ie=UTF-8&client=tw-ob&tl=en&q=youth
307,barrier,"장벽, 장애물",DAY_11,미암기,Normal,https://translate.google.com/translate_tts?ie=UTF-8&client=tw-ob&tl=en&q=barrier
308,damage,"손상, 피해",DAY_11,미암기,Normal,https://translate.google.com/translate_tts?ie=UTF-8&client=tw-ob&tl=en&q=damage
309,campaign,"캠페인, 운동",DAY_11,미암기,Normal,https://translate.google.com/translate_tts?ie=UTF-8&client=tw-ob&tl=en&q=campaign
310,harbor,"항구, 품다",DAY_11,미암기,Normal,https://translate.google.com/translate_tts?ie=UTF-8&client=tw-ob&tl=en&q=harbor
311,knowledge,"지식, 알고 있음",DAY_11,미암기,Normal,https://translate.google.com/translate_tts?ie=UTF-8&client=tw-ob&tl=en&q=knowledge
312,sacrifice,"희생, 희생하다",DAY_11,미암기,Normal,https://translate.google.com/translate_tts?ie=UTF-8&client=tw-ob&tl=en&q=sacrifice
313,talent,"재능, 장기",DAY_11,미암기,Normal,https://translate.google.com/translate_tts?ie=UTF-8&client=tw-ob&tl=en&q=talent
314,reality,"현실, 실제",DAY_11,미암기,Normal,https://translate.google.com/translate_tts?ie=UTF-8&client=tw-ob&tl=en&q=reality
315,landscape,"풍경, 경치",DAY_11,미암기,Normal,https://translate.google.com/translate_tts?ie=UTF-8&client=tw-ob&tl=en&q=landscape
316,debate,"토론, 논쟁",DAY_11,미암기,Normal,https://translate.google.com/translate_tts?ie=UTF-8&client=tw-ob&tl=en&q=debate
317,journey,"여정, 여행",DAY_11,미암기,Normal,https://translate.google.com/translate_tts?ie=UTF-8&client=tw-ob&tl=en&q=journey
318,observe,"관찰하다, 준수하다",DAY_11,미암기,Normal,https://translate.google.com/translate_tts?ie=UTF-8&client=tw-ob&tl=en&q=observe
319,identify,"확인하다, 식별하다",DAY_11,미암기,Normal,https://translate.google.com/translate_tts?ie=UTF-8&client=tw-ob&tl=en&q=identify
320,vacant,비어 있는,DAY_11,미암기,Normal,https://translate.google.com/translate_tts?ie=UTF-8&client=tw-ob&tl=en&q=vacant
321,ability,"능력, 재능",DAY_11,미암기,Normal,https://translate.google.com/translate_tts?ie=UTF-8&client=tw-ob&tl=en&q=ability
322,zone,"구역, 지대",DAY_11,미암기,Normal,https://translate.google.com/translate_tts?ie=UTF-8&client=tw-ob&tl=en&q=zone
323,element,"요소, 성분",DAY_11,미암기,Normal,https://translate.google.com/translate_tts?ie=UTF-8&client=tw-ob&tl=en&q=element
324,background,"배경, 바탕",DAY_11,미암기,Normal,https://translate.google.com/translate_tts?ie=UTF-8&client=tw-ob&tl=en&q=background
325,maintain,"유지하다, 주장하다",DAY_11,미암기,Normal,https://translate.google.com/translate_tts?ie=UTF-8&client=tw-ob&tl=en&q=maintain
326,gather,"모으다, 모이다",DAY_11,미암기,Normal,https://translate.google.com/translate_tts?ie=UTF-8&client=tw-ob&tl=en&q=gather
327,candidate,"후보자, 지원자",DAY_11,미암기,Normal,https://translate.google.com/translate_tts?ie=UTF-8&client=tw-ob&tl=en&q=candidate
328,package,"꾸러미, 포장",DAY_11,미암기,Normal,https://translate.google.com/translate_tts?ie=UTF-8&client=tw-ob&tl=en&q=package
329,notice,"알림, 알아차리다",DAY_11,미암기,Normal,https://translate.google.com/translate_tts?ie=UTF-8&client=tw-ob&tl=en&q=notice
330,facility,"시설, 기능",DAY_11,미암기,Normal,https://translate.google.com/translate_tts?ie=UTF-8&client=tw-ob&tl=en&q=facility
331,gather,"모으다, 모이다",DAY_12,미암기,Normal,https://translate.google.com/translate_tts?ie=UTF-8&client=tw-ob&tl=en&q=gather
332,quarter,"4분의 1, 구역",DAY_12,미암기,Normal,https://translate.google.com/translate_tts?ie=UTF-8&client=tw-ob&tl=en&q=quarter
333,object,"물체, 반대하다",DAY_12,미암기,Normal,https://translate.google.com/translate_tts?ie=UTF-8&client=tw-ob&tl=en&q=object
334,accept,받아들이다,DAY_12,미암기,Normal,https://translate.google.com/translate_tts?ie=UTF-8&client=tw-ob&tl=en&q=accept
335,background,"배경, 바탕",DAY_12,미암기,Normal,https://translate.google.com/translate_tts?ie=UTF-8&client=tw-ob&tl=en&q=background
336,justice,"정의, 사법",DAY_12,미암기,Normal,https://translate.google.com/translate_tts?ie=UTF-8&client=tw-ob&tl=en&q=justice
337,capacity,"용량, 능력",DAY_12,미암기,Normal,https://translate.google.com/translate_tts?ie=UTF-8&client=tw-ob&tl=en&q=capacity
338,magnificent,"웅장한, 감명 깊은",DAY_12,미암기,Normal,https://translate.google.com/translate_tts?ie=UTF-8&client=tw-ob&tl=en&q=magnificent
339,unique,"독특한, 유일무이한",DAY_12,미암기,Normal,https://translate.google.com/translate_tts?ie=UTF-8&client=tw-ob&tl=en&q=unique
340,familiar,"익숙한, 친근한",DAY_12,미암기,Normal,https://translate.google.com/translate_tts?ie=UTF-8&client=tw-ob&tl=en&q=familiar
341,reasonable,"합리적인, 타당한",DAY_12,미암기,Normal,https://translate.google.com/translate_tts?ie=UTF-8&client=tw-ob&tl=en&q=reasonable
342,temporary,"일시적인, 임시의",DAY_12,미암기,Normal,https://translate.google.com/translate_tts?ie=UTF-8&client=tw-ob&tl=en&q=temporary
343,impact,"영향, 충격",DAY_12,미암기,Normal,https://translate.google.com/translate_tts?ie=UTF-8&client=tw-ob&tl=en&q=impact
344,patience,"인내, 끈기",DAY_12,미암기,Normal,https://translate.google.com/translate_tts?ie=UTF-8&client=tw-ob&tl=en&q=patience
345,campaign,"캠페인, 운동",DAY_12,미암기,Normal,https://translate.google.com/translate_tts?ie=UTF-8&client=tw-ob&tl=en&q=campaign
346,scenery,"경치, 배경",DAY_12,미암기,Normal,https://translate.google.com/translate_tts?ie=UTF-8&client=tw-ob&tl=en&q=scenery
347,narrative,"이야기, 서사",DAY_12,미암기,Normal,https://translate.google.com/translate_tts?ie=UTF-8&client=tw-ob&tl=en&q=narrative
348,harbor,"항구, 품다",DAY_12,미암기,Normal,https://translate.google.com/translate_tts?ie=UTF-8&client=tw-ob&tl=en&q=harbor
349,ability,"능력, 재능",DAY_12,미암기,Normal,https://translate.google.com/translate_tts?ie=UTF-8&client=tw-ob&tl=en&q=ability
350,damage,"손상, 피해",DAY_12,미암기,Normal,https://translate.google.com/translate_tts?ie=UTF-8&client=tw-ob&tl=en&q=damage
351,heritage,"유산, 전통",DAY_12,미암기,Normal,https://translate.google.com/translate_tts?ie=UTF-8&client=tw-ob&tl=en&q=heritage
352,economy,경제,DAY_12,미암기,Normal,https://translate.google.com/translate_tts?ie=UTF-8&client=tw-ob&tl=en&q=economy
353,identify,"확인하다, 식별하다",DAY_12,미암기,Normal,https://translate.google.com/translate_tts?ie=UTF-8&client=tw-ob&tl=en&q=identify
354,laboratory,"실험실, 연구소",DAY_12,미암기,Normal,https://translate.google.com/translate_tts?ie=UTF-8&client=tw-ob&tl=en&q=laboratory
355,facility,"시설, 기능",DAY_12,미암기,Normal,https://translate.google.com/translate_tts?ie=UTF-8&client=tw-ob&tl=en&q=facility
356,wealth,"부, 재산",DAY_12,미암기,Normal,https://translate.google.com/translate_tts?ie=UTF-8&client=tw-ob&tl=en&q=wealth
357,valuable,"가치 있는, 귀중한",DAY_12,미암기,Normal,https://translate.google.com/translate_tts?ie=UTF-8&client=tw-ob&tl=en&q=valuable
358,balance,"균형, 잔고",DAY_12,미암기,Normal,https://translate.google.com/translate_tts?ie=UTF-8&client=tw-ob&tl=en&q=balance
359,journey,"여정, 여행",DAY_12,미암기,Normal,https://translate.google.com/translate_tts?ie=UTF-8&client=tw-ob&tl=en&q=journey
360,generate,"생성하다, 일으키다",DAY_12,미암기,Normal,https://translate.google.com/translate_tts?ie=UTF-8&client=tw-ob&tl=en&q=generate
361,magnificent,"웅장한, 감명 깊은",DAY_13,미암기,Normal,https://translate.google.com/translate_tts?ie=UTF-8&client=tw-ob&tl=en&q=magnificent
362,package,"꾸러미, 포장",DAY_13,미암기,Normal,https://translate.google.com/translate_tts?ie=UTF-8&client=tw-ob&tl=en&q=package
363,youth,"젊음, 청년",DAY_13,미암기,Normal,https://translate.google.com/translate_tts?ie=UTF-8&client=tw-ob&tl=en&q=youth
364,qualify,자격을 얻다,DAY_13,미암기,Normal,https://translate.google.com/translate_tts?ie=UTF-8&client=tw-ob&tl=en&q=qualify
365,barrier,"장벽, 장애물",DAY_13,미암기,Normal,https://translate.google.com/translate_tts?ie=UTF-8&client=tw-ob&tl=en&q=barrier
366,candidate,"후보자, 지원자",DAY_13,미암기,Normal,https://translate.google.com/translate_tts?ie=UTF-8&client=tw-ob&tl=en&q=candidate
367,vacant,비어 있는,DAY_13,미암기,Normal,https://translate.google.com/translate_tts?ie=UTF-8&client=tw-ob&tl=en&q=vacant
368,impact,"영향, 충격",DAY_13,미암기,Normal,https://translate.google.com/translate_tts?ie=UTF-8&client=tw-ob&tl=en&q=impact
369,debate,"토론, 논쟁",DAY_13,미암기,Normal,https://translate.google.com/translate_tts?ie=UTF-8&client=tw-ob&tl=en&q=debate
370,notice,"알림, 알아차리다",DAY_13,미암기,Normal,https://translate.google.com/translate_tts?ie=UTF-8&client=tw-ob&tl=en&q=notice
371,laboratory,"실험실, 연구소",DAY_13,미암기,Normal,https://translate.google.com/translate_tts?ie=UTF-8&client=tw-ob&tl=en&q=laboratory
372,justice,"정의, 사법",DAY_13,미암기,Normal,https://translate.google.com/translate_tts?ie=UTF-8&client=tw-ob&tl=en&q=justice
373,landscape,"풍경, 경치",DAY_13,미암기,Normal,https://translate.google.com/translate_tts?ie=UTF-8&client=tw-ob&tl=en&q=landscape
374,abandon,"버리다, 포기하다",DAY_13,미암기,Normal,https://translate.google.com/translate_tts?ie=UTF-8&client=tw-ob&tl=en&q=abandon
375,object,"물체, 반대하다",DAY_13,미암기,Normal,https://translate.google.com/translate_tts?ie=UTF-8&client=tw-ob&tl=en&q=object
376,element,"요소, 성분",DAY_13,미암기,Normal,https://translate.google.com/translate_tts?ie=UTF-8&client=tw-ob&tl=en&q=element
377,knowledge,"지식, 알고 있음",DAY_13,미암기,Normal,https://translate.google.com/translate_tts?ie=UTF-8&client=tw-ob&tl=en&q=knowledge
378,maintain,"유지하다, 주장하다",DAY_13,미암기,Normal,https://translate.google.com/translate_tts?ie=UTF-8&client=tw-ob&tl=en&q=maintain
379,narrative,"이야기, 서사",DAY_13,미암기,Normal,https://translate.google.com/translate_tts?ie=UTF-8&client=tw-ob&tl=en&q=narrative
380,zone,"구역, 지대",DAY_13,미암기,Normal,https://translate.google.com/translate_tts?ie=UTF-8&client=tw-ob&tl=en&q=zone
381,talent,"재능, 장기",DAY_13,미암기,Normal,https://translate.google.com/translate_tts?ie=UTF-8&client=tw-ob&tl=en&q=talent
382,familiar,"익숙한, 친근한",DAY_13,미암기,Normal,https://translate.google.com/translate_tts?ie=UTF-8&client=tw-ob&tl=en&q=familiar
383,patience,"인내, 끈기",DAY_13,미암기,Normal,https://translate.google.com/translate_tts?ie=UTF-8&client=tw-ob&tl=en&q=patience
384,observe,"관찰하다, 준수하다",DAY_13,미암기,Normal,https://translate.google.com/translate_tts?ie=UTF-8&client=tw-ob&tl=en&q=observe
385,warning,"경고, 주의",DAY_13,미암기,Normal,https://translate.google.com/translate_tts?ie=UTF-8&client=tw-ob&tl=en&q=warning
386,sacrifice,"희생, 희생하다",DAY_13,미암기,Normal,https://translate.google.com/translate_tts?ie=UTF-8&client=tw-ob&tl=en&q=sacrifice
387,reality,"현실, 실제",DAY_13,미암기,Normal,https://translate.google.com/translate_tts?ie=UTF-8&client=tw-ob&tl=en&q=reality
388,ultimate,"궁극적인, 최후의",DAY_13,미암기,Normal,https://translate.google.com/translate_tts?ie=UTF-8&client=tw-ob&tl=en&q=ultimate
389,heritage,"유산, 전통",DAY_13,미암기,Normal,https://translate.google.com/translate_tts?ie=UTF-8&client=tw-ob&tl=en&q=heritage
390,generate,"생성하다, 일으키다",DAY_13,미암기,Normal,https://translate.google.com/translate_tts?ie=UTF-8&client=tw-ob&tl=en&q=generate
391,package,"꾸러미, 포장",DAY_14,미암기,Normal,https://translate.google.com/translate_tts?ie=UTF-8&client=tw-ob&tl=en&q=package
392,campaign,"캠페인, 운동",DAY_14,미암기,Normal,https://translate.google.com/translate_tts?ie=UTF-8&client=tw-ob&tl=en&q=campaign
393,accept,받아들이다,DAY_14,미암기,Normal,https://translate.google.com/translate_tts?ie=UTF-8&client=tw-ob&tl=en&q=accept
394,wealth,"부, 재산",DAY_14,미암기,Normal,https://translate.google.com/translate_tts?ie=UTF-8&client=tw-ob&tl=en&q=wealth
395,damage,"손상, 피해",DAY_14,미암기,Normal,https://translate.google.com/translate_tts?ie=UTF-8&client=tw-ob&tl=en&q=damage
396,ability,"능력, 재능",DAY_14,미암기,Normal,https://translate.google.com/translate_tts?ie=UTF-8&client=tw-ob&tl=en&q=ability
397,talent,"재능, 장기",DAY_14,미암기,Normal,https://translate.google.com/translate_tts?ie=UTF-8&client=tw-ob&tl=en&q=talent
398,notice,"알림, 알아차리다",DAY_14,미암기,Normal,https://translate.google.com/translate_tts?ie=UTF-8&client=tw-ob&tl=en&q=notice
399,identify,"확인하다, 식별하다",DAY_14,미암기,Normal,https://translate.google.com/translate_tts?ie=UTF-8&client=tw-ob&tl=en&q=identify
400,landscape,"풍경, 경치",DAY_14,미암기,Normal,https://translate.google.com/translate_tts?ie=UTF-8&client=tw-ob&tl=en&q=landscape
401,scenery,"경치, 배경",DAY_14,미암기,Normal,https://translate.google.com/translate_tts?ie=UTF-8&client=tw-ob&tl=en&q=scenery
402,facility,"시설, 기능",DAY_14,미암기,Normal,https://translate.google.com/translate_tts?ie=UTF-8&client=tw-ob&tl=en&q=facility
403,background,"배경, 바탕",DAY_14,미암기,Normal,https://translate.google.com/translate_tts?ie=UTF-8&client=tw-ob&tl=en&q=background
404,sacrifice,"희생, 희생하다",DAY_14,미암기,Normal,https://translate.google.com/translate_tts?ie=UTF-8&client=tw-ob&tl=en&q=sacrifice
405,reasonable,"합리적인, 타당한",DAY_14,미암기,Normal,https://translate.google.com/translate_tts?ie=UTF-8&client=tw-ob&tl=en&q=reasonable
406,balance,"균형, 잔고",DAY_14,미암기,Normal,https://translate.google.com/translate_tts?ie=UTF-8&client=tw-ob&tl=en&q=balance
407,unique,"독특한, 유일무이한",DAY_14,미암기,Normal,https://translate.google.com/translate_tts?ie=UTF-8&client=tw-ob&tl=en&q=unique
408,temporary,"일시적인, 임시의",DAY_14,미암기,Normal,https://translate.google.com/translate_tts?ie=UTF-8&client=tw-ob&tl=en&q=temporary
409,observe,"관찰하다, 준수하다",DAY_14,미암기,Normal,https://translate.google.com/translate_tts?ie=UTF-8&client=tw-ob&tl=en&q=observe
410,reality,"현실, 실제",DAY_14,미암기,Normal,https://translate.google.com/translate_tts?ie=UTF-8&client=tw-ob&tl=en&q=reality
411,quarter,"4분의 1, 구역",DAY_14,미암기,Normal,https://translate.google.com/translate_tts?ie=UTF-8&client=tw-ob&tl=en&q=quarter
412,gather,"모으다, 모이다",DAY_14,미암기,Normal,https://translate.google.com/translate_tts?ie=UTF-8&client=tw-ob&tl=en&q=gather
413,knowledge,"지식, 알고 있음",DAY_14,미암기,Normal,https://translate.google.com/translate_tts?ie=UTF-8&client=tw-ob&tl=en&q=knowledge
414,journey,"여정, 여행",DAY_14,미암기,Normal,https://translate.google.com/translate_tts?ie=UTF-8&client=tw-ob&tl=en&q=journey
415,capacity,"용량, 능력",DAY_14,미암기,Normal,https://translate.google.com/translate_tts?ie=UTF-8&client=tw-ob&tl=en&q=capacity
416,maintain,"유지하다, 주장하다",DAY_14,미암기,Normal,https://translate.google.com/translate_tts?ie=UTF-8&client=tw-ob&tl=en&q=maintain
417,harbor,"항구, 품다",DAY_14,미암기,Normal,https://translate.google.com/translate_tts?ie=UTF-8&client=tw-ob&tl=en&q=harbor
418,qualify,자격을 얻다,DAY_14,미암기,Normal,https://translate.google.com/translate_tts?ie=UTF-8&client=tw-ob&tl=en&q=qualify
419,economy,경제,DAY_14,미암기,Normal,https://translate.google.com/translate_tts?ie=UTF-8&client=tw-ob&tl=en&q=economy
420,valuable,"가치 있는, 귀중한",DAY_14,미암기,Normal,https://translate.google.com/translate_tts?ie=UTF-8&client=tw-ob&tl=en&q=valuable
421,heritage,"유산, 전통",DAY_15,미암기,Normal,https://translate.google.com/translate_tts?ie=UTF-8&client=tw-ob&tl=en&q=heritage
422,magnificent,"웅장한, 감명 깊은",DAY_15,미암기,Normal,https://translate.google.com/translate_tts?ie=UTF-8&client=tw-ob&tl=en&q=magnificent
423,youth,"젊음, 청년",DAY_15,미암기,Normal,https://translate.google.com/translate_tts?ie=UTF-8&client=tw-ob&tl=en&q=youth
424,temporary,"일시적인, 임시의",DAY_15,미암기,Normal,https://translate.google.com/translate_tts?ie=UTF-8&client=tw-ob&tl=en&q=temporary
425,candidate,"후보자, 지원자",DAY_15,미암기,Normal,https://translate.google.com/translate_tts?ie=UTF-8&client=tw-ob&tl=en&q=candidate
426,patience,"인내, 끈기",DAY_15,미암기,Normal,https://translate.google.com/translate_tts?ie=UTF-8&client=tw-ob&tl=en&q=patience
427,object,"물체, 반대하다",DAY_15,미암기,Normal,https://translate.google.com/translate_tts?ie=UTF-8&client=tw-ob&tl=en&q=object
428,valuable,"가치 있는, 귀중한",DAY_15,미암기,Normal,https://translate.google.com/translate_tts?ie=UTF-8&client=tw-ob&tl=en&q=valuable
429,element,"요소, 성분",DAY_15,미암기,Normal,https://translate.google.com/translate_tts?ie=UTF-8&client=tw-ob&tl=en&q=element
430,reasonable,"합리적인, 타당한",DAY_15,미암기,Normal,https://translate.google.com/translate_tts?ie=UTF-8&client=tw-ob&tl=en&q=reasonable
431,unique,"독특한, 유일무이한",DAY_15,미암기,Normal,https://translate.google.com/translate_tts?ie=UTF-8&client=tw-ob&tl=en&q=unique
432,laboratory,"실험실, 연구소",DAY_15,미암기,Normal,https://translate.google.com/translate_tts?ie=UTF-8&client=tw-ob&tl=en&q=laboratory
433,barrier,"장벽, 장애물",DAY_15,미암기,Normal,https://translate.google.com/translate_tts?ie=UTF-8&client=tw-ob&tl=en&q=barrier
434,generate,"생성하다, 일으키다",DAY_15,미암기,Normal,https://translate.google.com/translate_tts?ie=UTF-8&client=tw-ob&tl=en&q=generate
435,narrative,"이야기, 서사",DAY_15,미암기,Normal,https://translate.google.com/translate_tts?ie=UTF-8&client=tw-ob&tl=en&q=narrative
436,justice,"정의, 사법",DAY_15,미암기,Normal,https://translate.google.com/translate_tts?ie=UTF-8&client=tw-ob&tl=en&q=justice
437,abandon,"버리다, 포기하다",DAY_15,미암기,Normal,https://translate.google.com/translate_tts?ie=UTF-8&client=tw-ob&tl=en&q=abandon
438,scenery,"경치, 배경",DAY_15,미암기,Normal,https://translate.google.com/translate_tts?ie=UTF-8&client=tw-ob&tl=en&q=scenery
439,zone,"구역, 지대",DAY_15,미암기,Normal,https://translate.google.com/translate_tts?ie=UTF-8&client=tw-ob&tl=en&q=zone
440,familiar,"익숙한, 친근한",DAY_15,미암기,Normal,https://translate.google.com/translate_tts?ie=UTF-8&client=tw-ob&tl=en&q=familiar
441,ultimate,"궁극적인, 최후의",DAY_15,미암기,Normal,https://translate.google.com/translate_tts?ie=UTF-8&client=tw-ob&tl=en&q=ultimate
442,wealth,"부, 재산",DAY_15,미암기,Normal,https://translate.google.com/translate_tts?ie=UTF-8&client=tw-ob&tl=en&q=wealth
443,capacity,"용량, 능력",DAY_15,미암기,Normal,https://translate.google.com/translate_tts?ie=UTF-8&client=tw-ob&tl=en&q=capacity
444,impact,"영향, 충격",DAY_15,미암기,Normal,https://translate.google.com/translate_tts?ie=UTF-8&client=tw-ob&tl=en&q=impact
445,quarter,"4분의 1, 구역",DAY_15,미암기,Normal,https://translate.google.com/translate_tts?ie=UTF-8&client=tw-ob&tl=en&q=quarter
446,warning,"경고, 주의",DAY_15,미암기,Normal,https://translate.google.com/translate_tts?ie=UTF-8&client=tw-ob&tl=en&q=warning
447,vacant,비어 있는,DAY_15,미암기,Normal,https://translate.google.com/translate_tts?ie=UTF-8&client=tw-ob&tl=en&q=vacant
448,accept,받아들이다,DAY_15,미암기,Normal,https://translate.google.com/translate_tts?ie=UTF-8&client=tw-ob&tl=en&q=accept
449,balance,"균형, 잔고",DAY_15,미암기,Normal,https://translate.google.com/translate_tts?ie=UTF-8&client=tw-ob&tl=en&q=balance
450,debate,"토론, 논쟁",DAY_15,미암기,Normal,https://translate.google.com/translate_tts?ie=UTF-8&client=tw-ob&tl=en&q=debate
451,qualify,자격을 얻다,DAY_16,미암기,Normal,https://translate.google.com/translate_tts?ie=UTF-8&client=tw-ob&tl=en&q=qualify
452,package,"꾸러미, 포장",DAY_16,미암기,Normal,https://translate.google.com/translate_tts?ie=UTF-8&client=tw-ob&tl=en&q=package
453,debate,"토론, 논쟁",DAY_16,미암기,Normal,https://translate.google.com/translate_tts?ie=UTF-8&client=tw-ob&tl=en&q=debate
454,identify,"확인하다, 식별하다",DAY_16,미암기,Normal,https://translate.google.com/translate_tts?ie=UTF-8&client=tw-ob&tl=en&q=identify
455,barrier,"장벽, 장애물",DAY_16,미암기,Normal,https://translate.google.com/translate_tts?ie=UTF-8&client=tw-ob&tl=en&q=barrier
456,ultimate,"궁극적인, 최후의",DAY_16,미암기,Normal,https://translate.google.com/translate_tts?ie=UTF-8&client=tw-ob&tl=en&q=ultimate
457,knowledge,"지식, 알고 있음",DAY_16,미암기,Normal,https://translate.google.com/translate_tts?ie=UTF-8&client=tw-ob&tl=en&q=knowledge
458,facility,"시설, 기능",DAY_16,미암기,Normal,https://translate.google.com/translate_tts?ie=UTF-8&client=tw-ob&tl=en&q=facility
459,talent,"재능, 장기",DAY_16,미암기,Normal,https://translate.google.com/translate_tts?ie=UTF-8&client=tw-ob&tl=en&q=talent
460,ability,"능력, 재능",DAY_16,미암기,Normal,https://translate.google.com/translate_tts?ie=UTF-8&client=tw-ob&tl=en&q=ability
461,youth,"젊음, 청년",DAY_16,미암기,Normal,https://translate.google.com/translate_tts?ie=UTF-8&client=tw-ob&tl=en&q=youth
462,observe,"관찰하다, 준수하다",DAY_16,미암기,Normal,https://translate.google.com/translate_tts?ie=UTF-8&client=tw-ob&tl=en&q=observe
463,maintain,"유지하다, 주장하다",DAY_16,미암기,Normal,https://translate.google.com/translate_tts?ie=UTF-8&client=tw-ob&tl=en&q=maintain
464,campaign,"캠페인, 운동",DAY_16,미암기,Normal,https://translate.google.com/translate_tts?ie=UTF-8&client=tw-ob&tl=en&q=campaign
465,sacrifice,"희생, 희생하다",DAY_16,미암기,Normal,https://translate.google.com/translate_tts?ie=UTF-8&client=tw-ob&tl=en&q=sacrifice
466,warning,"경고, 주의",DAY_16,미암기,Normal,https://translate.google.com/translate_tts?ie=UTF-8&client=tw-ob&tl=en&q=warning
467,economy,경제,DAY_16,미암기,Normal,https://translate.google.com/translate_tts?ie=UTF-8&client=tw-ob&tl=en&q=economy
468,notice,"알림, 알아차리다",DAY_16,미암기,Normal,https://translate.google.com/translate_tts?ie=UTF-8&client=tw-ob&tl=en&q=notice
469,reality,"현실, 실제",DAY_16,미암기,Normal,https://translate.google.com/translate_tts?ie=UTF-8&client=tw-ob&tl=en&q=reality
470,zone,"구역, 지대",DAY_16,미암기,Normal,https://translate.google.com/translate_tts?ie=UTF-8&client=tw-ob&tl=en&q=zone
471,damage,"손상, 피해",DAY_16,미암기,Normal,https://translate.google.com/translate_tts?ie=UTF-8&client=tw-ob&tl=en&q=damage
472,harbor,"항구, 품다",DAY_16,미암기,Normal,https://translate.google.com/translate_tts?ie=UTF-8&client=tw-ob&tl=en&q=harbor
473,vacant,비어 있는,DAY_16,미암기,Normal,https://translate.google.com/translate_tts?ie=UTF-8&client=tw-ob&tl=en&q=vacant
474,gather,"모으다, 모이다",DAY_16,미암기,Normal,https://translate.google.com/translate_tts?ie=UTF-8&client=tw-ob&tl=en&q=gather
475,candidate,"후보자, 지원자",DAY_16,미암기,Normal,https://translate.google.com/translate_tts?ie=UTF-8&client=tw-ob&tl=en&q=candidate
476,element,"요소, 성분",DAY_16,미암기,Normal,https://translate.google.com/translate_tts?ie=UTF-8&client=tw-ob&tl=en&q=element
477,abandon,"버리다, 포기하다",DAY_16,미암기,Normal,https://translate.google.com/translate_tts?ie=UTF-8&client=tw-ob&tl=en&q=abandon
478,landscape,"풍경, 경치",DAY_16,미암기,Normal,https://translate.google.com/translate_tts?ie=UTF-8&client=tw-ob&tl=en&q=landscape
479,journey,"여정, 여행",DAY_16,미암기,Normal,https://translate.google.com/translate_tts?ie=UTF-8&client=tw-ob&tl=en&q=journey
480,background,"배경, 바탕",DAY_16,미암기,Normal,https://translate.google.com/translate_tts?ie=UTF-8&client=tw-ob&tl=en&q=background
481,capacity,"용량, 능력",DAY_17,미암기,Normal,https://translate.google.com/translate_tts?ie=UTF-8&client=tw-ob&tl=en&q=capacity
482,impact,"영향, 충격",DAY_17,미암기,Normal,https://translate.google.com/translate_tts?ie=UTF-8&client=tw-ob&tl=en&q=impact
483,campaign,"캠페인, 운동",DAY_17,미암기,Normal,https://translate.google.com/translate_tts?ie=UTF-8&client=tw-ob&tl=en&q=campaign
484,wealth,"부, 재산",DAY_17,미암기,Normal,https://translate.google.com/translate_tts?ie=UTF-8&client=tw-ob&tl=en&q=wealth
485,heritage,"유산, 전통",DAY_17,미암기,Normal,https://translate.google.com/translate_tts?ie=UTF-8&client=tw-ob&tl=en&q=heritage
486,background,"배경, 바탕",DAY_17,미암기,Normal,https://translate.google.com/translate_tts?ie=UTF-8&client=tw-ob&tl=en&q=background
487,balance,"균형, 잔고",DAY_17,미암기,Normal,https://translate.google.com/translate_tts?ie=UTF-8&client=tw-ob&tl=en&q=balance
488,gather,"모으다, 모이다",DAY_17,미암기,Normal,https://translate.google.com/translate_tts?ie=UTF-8&client=tw-ob&tl=en&q=gather
489,accept,받아들이다,DAY_17,미암기,Normal,https://translate.google.com/translate_tts?ie=UTF-8&client=tw-ob&tl=en&q=accept
490,object,"물체, 반대하다",DAY_17,미암기,Normal,https://translate.google.com/translate_tts?ie=UTF-8&client=tw-ob&tl=en&q=object
491,laboratory,"실험실, 연구소",DAY_17,미암기,Normal,https://translate.google.com/translate_tts?ie=UTF-8&client=tw-ob&tl=en&q=laboratory
492,damage,"손상, 피해",DAY_17,미암기,Normal,https://translate.google.com/translate_tts?ie=UTF-8&client=tw-ob&tl=en&q=damage
493,identify,"확인하다, 식별하다",DAY_17,미암기,Normal,https://translate.google.com/translate_tts?ie=UTF-8&client=tw-ob&tl=en&q=identify
494,temporary,"일시적인, 임시의",DAY_17,미암기,Normal,https://translate.google.com/translate_tts?ie=UTF-8&client=tw-ob&tl=en&q=temporary
495,justice,"정의, 사법",DAY_17,미암기,Normal,https://translate.google.com/translate_tts?ie=UTF-8&client=tw-ob&tl=en&q=justice
496,quarter,"4분의 1, 구역",DAY_17,미암기,Normal,https://translate.google.com/translate_tts?ie=UTF-8&client=tw-ob&tl=en&q=quarter
497,journey,"여정, 여행",DAY_17,미암기,Normal,https://translate.google.com/translate_tts?ie=UTF-8&client=tw-ob&tl=en&q=journey
498,economy,경제,DAY_17,미암기,Normal,https://translate.google.com/translate_tts?ie=UTF-8&client=tw-ob&tl=en&q=economy
499,familiar,"익숙한, 친근한",DAY_17,미암기,Normal,https://translate.google.com/translate_tts?ie=UTF-8&client=tw-ob&tl=en&q=familiar
500,ability,"능력, 재능",DAY_17,미암기,Normal,https://translate.google.com/translate_tts?ie=UTF-8&client=tw-ob&tl=en&q=ability
501,facility,"시설, 기능",DAY_17,미암기,Normal,https://translate.google.com/translate_tts?ie=UTF-8&client=tw-ob&tl=en&q=facility
502,patience,"인내, 끈기",DAY_17,미암기,Normal,https://translate.google.com/translate_tts?ie=UTF-8&client=tw-ob&tl=en&q=patience
503,reasonable,"합리적인, 타당한",DAY_17,미암기,Normal,https://translate.google.com/translate_tts?ie=UTF-8&client=tw-ob&tl=en&q=reasonable
504,unique,"독특한, 유일무이한",DAY_17,미암기,Normal,https://translate.google.com/translate_tts?ie=UTF-8&client=tw-ob&tl=en&q=unique
505,magnificent,"웅장한, 감명 깊은",DAY_17,미암기,Normal,https://translate.google.com/translate_tts?ie=UTF-8&client=tw-ob&tl=en&q=magnificent
506,narrative,"이야기, 서사",DAY_17,미암기,Normal,https://translate.google.com/translate_tts?ie=UTF-8&client=tw-ob&tl=en&q=narrative
507,valuable,"가치 있는, 귀중한",DAY_17,미암기,Normal,https://translate.google.com/translate_tts?ie=UTF-8&client=tw-ob&tl=en&q=valuable
508,generate,"생성하다, 일으키다",DAY_17,미암기,Normal,https://translate.google.com/translate_tts?ie=UTF-8&client=tw-ob&tl=en&q=generate
509,harbor,"항구, 품다",DAY_17,미암기,Normal,https://translate.google.com/translate_tts?ie=UTF-8&client=tw-ob&tl=en&q=harbor
510,scenery,"경치, 배경",DAY_17,미암기,Normal,https://translate.google.com/translate_tts?ie=UTF-8&client=tw-ob&tl=en&q=scenery
511,abandon,"버리다, 포기하다",DAY_18,미암기,Normal,https://translate.google.com/translate_tts?ie=UTF-8&client=tw-ob&tl=en&q=abandon
512,reality,"현실, 실제",DAY_18,미암기,Normal,https://translate.google.com/translate_tts?ie=UTF-8&client=tw-ob&tl=en&q=reality
513,talent,"재능, 장기",DAY_18,미암기,Normal,https://translate.google.com/translate_tts?ie=UTF-8&client=tw-ob&tl=en&q=talent
514,observe,"관찰하다, 준수하다",DAY_18,미암기,Normal,https://translate.google.com/translate_tts?ie=UTF-8&client=tw-ob&tl=en&q=observe
515,maintain,"유지하다, 주장하다",DAY_18,미암기,Normal,https://translate.google.com/translate_tts?ie=UTF-8&client=tw-ob&tl=en&q=maintain
516,justice,"정의, 사법",DAY_18,미암기,Normal,https://translate.google.com/translate_tts?ie=UTF-8&client=tw-ob&tl=en&q=justice
517,debate,"토론, 논쟁",DAY_18,미암기,Normal,https://translate.google.com/translate_tts?ie=UTF-8&client=tw-ob&tl=en&q=debate
518,heritage,"유산, 전통",DAY_18,미암기,Normal,https://translate.google.com/translate_tts?ie=UTF-8&client=tw-ob&tl=en&q=heritage
519,package,"꾸러미, 포장",DAY_18,미암기,Normal,https://translate.google.com/translate_tts?ie=UTF-8&client=tw-ob&tl=en&q=package
520,generate,"생성하다, 일으키다",DAY_18,미암기,Normal,https://translate.google.com/translate_tts?ie=UTF-8&client=tw-ob&tl=en&q=generate
521,zone,"구역, 지대",DAY_18,미암기,Normal,https://translate.google.com/translate_tts?ie=UTF-8&client=tw-ob&tl=en&q=zone
522,familiar,"익숙한, 친근한",DAY_18,미암기,Normal,https://translate.google.com/translate_tts?ie=UTF-8&client=tw-ob&tl=en&q=familiar
523,knowledge,"지식, 알고 있음",DAY_18,미암기,Normal,https://translate.google.com/translate_tts?ie=UTF-8&client=tw-ob&tl=en&q=knowledge
524,candidate,"후보자, 지원자",DAY_18,미암기,Normal,https://translate.google.com/translate_tts?ie=UTF-8&client=tw-ob&tl=en&q=candidate
525,laboratory,"실험실, 연구소",DAY_18,미암기,Normal,https://translate.google.com/translate_tts?ie=UTF-8&client=tw-ob&tl=en&q=laboratory
526,patience,"인내, 끈기",DAY_18,미암기,Normal,https://translate.google.com/translate_tts?ie=UTF-8&client=tw-ob&tl=en&q=patience
527,sacrifice,"희생, 희생하다",DAY_18,미암기,Normal,https://translate.google.com/translate_tts?ie=UTF-8&client=tw-ob&tl=en&q=sacrifice
528,qualify,자격을 얻다,DAY_18,미암기,Normal,https://translate.google.com/translate_tts?ie=UTF-8&client=tw-ob&tl=en&q=qualify
529,warning,"경고, 주의",DAY_18,미암기,Normal,https://translate.google.com/translate_tts?ie=UTF-8&client=tw-ob&tl=en&q=warning
530,object,"물체, 반대하다",DAY_18,미암기,Normal,https://translate.google.com/translate_tts?ie=UTF-8&client=tw-ob&tl=en&q=object
531,barrier,"장벽, 장애물",DAY_18,미암기,Normal,https://translate.google.com/translate_tts?ie=UTF-8&client=tw-ob&tl=en&q=barrier
532,narrative,"이야기, 서사",DAY_18,미암기,Normal,https://translate.google.com/translate_tts?ie=UTF-8&client=tw-ob&tl=en&q=narrative
533,magnificent,"웅장한, 감명 깊은",DAY_18,미암기,Normal,https://translate.google.com/translate_tts?ie=UTF-8&client=tw-ob&tl=en&q=magnificent
534,ultimate,"궁극적인, 최후의",DAY_18,미암기,Normal,https://translate.google.com/translate_tts?ie=UTF-8&client=tw-ob&tl=en&q=ultimate
535,impact,"영향, 충격",DAY_18,미암기,Normal,https://translate.google.com/translate_tts?ie=UTF-8&client=tw-ob&tl=en&q=impact
536,vacant,비어 있는,DAY_18,미암기,Normal,https://translate.google.com/translate_tts?ie=UTF-8&client=tw-ob&tl=en&q=vacant
537,youth,"젊음, 청년",DAY_18,미암기,Normal,https://translate.google.com/translate_tts?ie=UTF-8&client=tw-ob&tl=en&q=youth
538,element,"요소, 성분",DAY_18,미암기,Normal,https://translate.google.com/translate_tts?ie=UTF-8&client=tw-ob&tl=en&q=element
539,notice,"알림, 알아차리다",DAY_18,미암기,Normal,https://translate.google.com/translate_tts?ie=UTF-8&client=tw-ob&tl=en&q=notice
540,landscape,"풍경, 경치",DAY_18,미암기,Normal,https://translate.google.com/translate_tts?ie=UTF-8&client=tw-ob&tl=en&q=landscape
541,accept,받아들이다,DAY_19,미암기,Normal,https://translate.google.com/translate_tts?ie=UTF-8&client=tw-ob&tl=en&q=accept
542,economy,경제,DAY_19,미암기,Normal,https://translate.google.com/translate_tts?ie=UTF-8&client=tw-ob&tl=en&q=economy
543,valuable,"가치 있는, 귀중한",DAY_19,미암기,Normal,https://translate.google.com/translate_tts?ie=UTF-8&client=tw-ob&tl=en&q=valuable
544,temporary,"일시적인, 임시의",DAY_19,미암기,Normal,https://translate.google.com/translate_tts?ie=UTF-8&client=tw-ob&tl=en&q=temporary
545,reasonable,"합리적인, 타당한",DAY_19,미암기,Normal,https://translate.google.com/translate_tts?ie=UTF-8&client=tw-ob&tl=en&q=reasonable
546,balance,"균형, 잔고",DAY_19,미암기,Normal,https://translate.google.com/translate_tts?ie=UTF-8&client=tw-ob&tl=en&q=balance
547,facility,"시설, 기능",DAY_19,미암기,Normal,https://translate.google.com/translate_tts?ie=UTF-8&client=tw-ob&tl=en&q=facility
548,quarter,"4분의 1, 구역",DAY_19,미암기,Normal,https://translate.google.com/translate_tts?ie=UTF-8&client=tw-ob&tl=en&q=quarter
549,journey,"여정, 여행",DAY_19,미암기,Normal,https://translate.google.com/translate_tts?ie=UTF-8&client=tw-ob&tl=en&q=journey
550,identify,"확인하다, 식별하다",DAY_19,미암기,Normal,https://translate.google.com/translate_tts?ie=UTF-8&client=tw-ob&tl=en&q=identify
551,qualify,자격을 얻다,DAY_19,미암기,Normal,https://translate.google.com/translate_tts?ie=UTF-8&client=tw-ob&tl=en&q=qualify
552,knowledge,"지식, 알고 있음",DAY_19,미암기,Normal,https://translate.google.com/translate_tts?ie=UTF-8&client=tw-ob&tl=en&q=knowledge
553,scenery,"경치, 배경",DAY_19,미암기,Normal,https://translate.google.com/translate_tts?ie=UTF-8&client=tw-ob&tl=en&q=scenery
554,background,"배경, 바탕",DAY_19,미암기,Normal,https://translate.google.com/translate_tts?ie=UTF-8&client=tw-ob&tl=en&q=background
555,maintain,"유지하다, 주장하다",DAY_19,미암기,Normal,https://translate.google.com/translate_tts?ie=UTF-8&client=tw-ob&tl=en&q=maintain
556,observe,"관찰하다, 준수하다",DAY_19,미암기,Normal,https://translate.google.com/translate_tts?ie=UTF-8&client=tw-ob&tl=en&q=observe
557,talent,"재능, 장기",DAY_19,미암기,Normal,https://translate.google.com/translate_tts?ie=UTF-8&client=tw-ob&tl=en&q=talent
558,wealth,"부, 재산",DAY_19,미암기,Normal,https://translate.google.com/translate_tts?ie=UTF-8&client=tw-ob&tl=en&q=wealth
559,unique,"독특한, 유일무이한",DAY_19,미암기,Normal,https://translate.google.com/translate_tts?ie=UTF-8&client=tw-ob&tl=en&q=unique
560,harbor,"항구, 품다",DAY_19,미암기,Normal,https://translate.google.com/translate_tts?ie=UTF-8&client=tw-ob&tl=en&q=harbor
561,package,"꾸러미, 포장",DAY_19,미암기,Normal,https://translate.google.com/translate_tts?ie=UTF-8&client=tw-ob&tl=en&q=package
562,campaign,"캠페인, 운동",DAY_19,미암기,Normal,https://translate.google.com/translate_tts?ie=UTF-8&client=tw-ob&tl=en&q=campaign
563,ability,"능력, 재능",DAY_19,미암기,Normal,https://translate.google.com/translate_tts?ie=UTF-8&client=tw-ob&tl=en&q=ability
564,damage,"손상, 피해",DAY_19,미암기,Normal,https://translate.google.com/translate_tts?ie=UTF-8&client=tw-ob&tl=en&q=damage
565,landscape,"풍경, 경치",DAY_19,미암기,Normal,https://translate.google.com/translate_tts?ie=UTF-8&client=tw-ob&tl=en&q=landscape
566,reality,"현실, 실제",DAY_19,미암기,Normal,https://translate.google.com/translate_tts?ie=UTF-8&client=tw-ob&tl=en&q=reality
567,gather,"모으다, 모이다",DAY_19,미암기,Normal,https://translate.google.com/translate_tts?ie=UTF-8&client=tw-ob&tl=en&q=gather
568,capacity,"용량, 능력",DAY_19,미암기,Normal,https://translate.google.com/translate_tts?ie=UTF-8&client=tw-ob&tl=en&q=capacity
569,sacrifice,"희생, 희생하다",DAY_19,미암기,Normal,https://translate.google.com/translate_tts?ie=UTF-8&client=tw-ob&tl=en&q=sacrifice
570,notice,"알림, 알아차리다",DAY_19,미암기,Normal,https://translate.google.com/translate_tts?ie=UTF-8&client=tw-ob&tl=en&q=notice
571,accept,받아들이다,DAY_20,미암기,Normal,https://translate.google.com/translate_tts?ie=UTF-8&client=tw-ob&tl=en&q=accept
572,scenery,"경치, 배경",DAY_20,미암기,Normal,https://translate.google.com/translate_tts?ie=UTF-8&client=tw-ob&tl=en&q=scenery
573,vacant,비어 있는,DAY_20,미암기,Normal,https://translate.google.com/translate_tts?ie=UTF-8&client=tw-ob&tl=en&q=vacant
574,valuable,"가치 있는, 귀중한",DAY_20,미암기,Normal,https://translate.google.com/translate_tts?ie=UTF-8&client=tw-ob&tl=en&q=valuable
575,debate,"토론, 논쟁",DAY_20,미암기,Normal,https://translate.google.com/translate_tts?ie=UTF-8&client=tw-ob&tl=en&q=debate
576,impact,"영향, 충격",DAY_20,미암기,Normal,https://translate.google.com/translate_tts?ie=UTF-8&client=tw-ob&tl=en&q=impact
577,temporary,"일시적인, 임시의",DAY_20,미암기,Normal,https://translate.google.com/translate_tts?ie=UTF-8&client=tw-ob&tl=en&q=temporary
578,generate,"생성하다, 일으키다",DAY_20,미암기,Normal,https://translate.google.com/translate_tts?ie=UTF-8&client=tw-ob&tl=en&q=generate
579,patience,"인내, 끈기",DAY_20,미암기,Normal,https://translate.google.com/translate_tts?ie=UTF-8&client=tw-ob&tl=en&q=patience
580,ultimate,"궁극적인, 최후의",DAY_20,미암기,Normal,https://translate.google.com/translate_tts?ie=UTF-8&client=tw-ob&tl=en&q=ultimate
581,object,"물체, 반대하다",DAY_20,미암기,Normal,https://translate.google.com/translate_tts?ie=UTF-8&client=tw-ob&tl=en&q=object
582,heritage,"유산, 전통",DAY_20,미암기,Normal,https://translate.google.com/translate_tts?ie=UTF-8&client=tw-ob&tl=en&q=heritage
583,youth,"젊음, 청년",DAY_20,미암기,Normal,https://translate.google.com/translate_tts?ie=UTF-8&client=tw-ob&tl=en&q=youth
584,zone,"구역, 지대",DAY_20,미암기,Normal,https://translate.google.com/translate_tts?ie=UTF-8&client=tw-ob&tl=en&q=zone
585,narrative,"이야기, 서사",DAY_20,미암기,Normal,https://translate.google.com/translate_tts?ie=UTF-8&client=tw-ob&tl=en&q=narrative
586,candidate,"후보자, 지원자",DAY_20,미암기,Normal,https://translate.google.com/translate_tts?ie=UTF-8&client=tw-ob&tl=en&q=candidate
587,quarter,"4분의 1, 구역",DAY_20,미암기,Normal,https://translate.google.com/translate_tts?ie=UTF-8&client=tw-ob&tl=en&q=quarter
588,familiar,"익숙한, 친근한",DAY_20,미암기,Normal,https://translate.google.com/translate_tts?ie=UTF-8&client=tw-ob&tl=en&q=familiar
589,unique,"독특한, 유일무이한",DAY_20,미암기,Normal,https://translate.google.com/translate_tts?ie=UTF-8&client=tw-ob&tl=en&q=unique
590,element,"요소, 성분",DAY_20,미암기,Normal,https://translate.google.com/translate_tts?ie=UTF-8&client=tw-ob&tl=en&q=element
591,warning,"경고, 주의",DAY_20,미암기,Normal,https://translate.google.com/translate_tts?ie=UTF-8&client=tw-ob&tl=en&q=warning
592,wealth,"부, 재산",DAY_20,미암기,Normal,https://translate.google.com/translate_tts?ie=UTF-8&client=tw-ob&tl=en&q=wealth
593,abandon,"버리다, 포기하다",DAY_20,미암기,Normal,https://translate.google.com/translate_tts?ie=UTF-8&client=tw-ob&tl=en&q=abandon
594,laboratory,"실험실, 연구소",DAY_20,미암기,Normal,https://translate.google.com/translate_tts?ie=UTF-8&client=tw-ob&tl=en&q=laboratory
595,magnificent,"웅장한, 감명 깊은",DAY_20,미암기,Normal,https://translate.google.com/translate_tts?ie=UTF-8&client=tw-ob&tl=en&q=magnificent
596,barrier,"장벽, 장애물",DAY_20,미암기,Normal,https://translate.google.com/translate_tts?ie=UTF-8&client=tw-ob&tl=en&q=barrier
597,reasonable,"합리적인, 타당한",DAY_20,미암기,Normal,https://translate.google.com/translate_tts?ie=UTF-8&client=tw-ob&tl=en&q=reasonable
598,balance,"균형, 잔고",DAY_20,미암기,Normal,https://translate.google.com/translate_tts?ie=UTF-8&client=tw-ob&tl=en&q=balance
599,capacity,"용량, 능력",DAY_20,미암기,Normal,https://translate.google.com/translate_tts?ie=UTF-8&client=tw-ob&tl=en&q=capacity
600,justice,"정의, 사법",DAY_20,미암기,Normal,https://translate.google.com/translate_tts?ie=UTF-8&client=tw-ob&tl=en&q=justice
601,barrier,"장벽, 장애물",DAY_21,미암기,Normal,https://translate.google.com/translate_tts?ie=UTF-8&client=tw-ob&tl=en&q=barrier
602,landscape,"풍경, 경치",DAY_21,미암기,Normal,https://translate.google.com/translate_tts?ie=UTF-8&client=tw-ob&tl=en&q=landscape
603,journey,"여정, 여행",DAY_21,미암기,Normal,https://translate.google.com/translate_tts?ie=UTF-8&client=tw-ob&tl=en&q=journey
604,talent,"재능, 장기",DAY_21,미암기,Normal,https://translate.google.com/translate_tts?ie=UTF-8&client=tw-ob&tl=en&q=talent
605,youth,"젊음, 청년",DAY_21,미암기,Normal,https://translate.google.com/translate_tts?ie=UTF-8&client=tw-ob&tl=en&q=youth
606,abandon,"버리다, 포기하다",DAY_21,미암기,Normal,https://translate.google.com/translate_tts?ie=UTF-8&client=tw-ob&tl=en&q=abandon
607,gather,"모으다, 모이다",DAY_21,미암기,Normal,https://translate.google.com/translate_tts?ie=UTF-8&client=tw-ob&tl=en&q=gather
608,reality,"현실, 실제",DAY_21,미암기,Normal,https://translate.google.com/translate_tts?ie=UTF-8&client=tw-ob&tl=en&q=reality
609,knowledge,"지식, 알고 있음",DAY_21,미암기,Normal,https://translate.google.com/translate_tts?ie=UTF-8&client=tw-ob&tl=en&q=knowledge
610,campaign,"캠페인, 운동",DAY_21,미암기,Normal,https://translate.google.com/translate_tts?ie=UTF-8&client=tw-ob&tl=en&q=campaign
611,sacrifice,"희생, 희생하다",DAY_21,미암기,Normal,https://translate.google.com/translate_tts?ie=UTF-8&client=tw-ob&tl=en&q=sacrifice
612,background,"배경, 바탕",DAY_21,미암기,Normal,https://translate.google.com/translate_tts?ie=UTF-8&client=tw-ob&tl=en&q=background
613,debate,"토론, 논쟁",DAY_21,미암기,Normal,https://translate.google.com/translate_tts?ie=UTF-8&client=tw-ob&tl=en&q=debate
614,identify,"확인하다, 식별하다",DAY_21,미암기,Normal,https://translate.google.com/translate_tts?ie=UTF-8&client=tw-ob&tl=en&q=identify
615,vacant,비어 있는,DAY_21,미암기,Normal,https://translate.google.com/translate_tts?ie=UTF-8&client=tw-ob&tl=en&q=vacant
616,observe,"관찰하다, 준수하다",DAY_21,미암기,Normal,https://translate.google.com/translate_tts?ie=UTF-8&client=tw-ob&tl=en&q=observe
617,qualify,자격을 얻다,DAY_21,미암기,Normal,https://translate.google.com/translate_tts?ie=UTF-8&client=tw-ob&tl=en&q=qualify
618,facility,"시설, 기능",DAY_21,미암기,Normal,https://translate.google.com/translate_tts?ie=UTF-8&client=tw-ob&tl=en&q=facility
619,zone,"구역, 지대",DAY_21,미암기,Normal,https://translate.google.com/translate_tts?ie=UTF-8&client=tw-ob&tl=en&q=zone
620,notice,"알림, 알아차리다",DAY_21,미암기,Normal,https://translate.google.com/translate_tts?ie=UTF-8&client=tw-ob&tl=en&q=notice
621,damage,"손상, 피해",DAY_21,미암기,Normal,https://translate.google.com/translate_tts?ie=UTF-8&client=tw-ob&tl=en&q=damage
622,ability,"능력, 재능",DAY_21,미암기,Normal,https://translate.google.com/translate_tts?ie=UTF-8&client=tw-ob&tl=en&q=ability
623,ultimate,"궁극적인, 최후의",DAY_21,미암기,Normal,https://translate.google.com/translate_tts?ie=UTF-8&client=tw-ob&tl=en&q=ultimate
624,economy,경제,DAY_21,미암기,Normal,https://translate.google.com/translate_tts?ie=UTF-8&client=tw-ob&tl=en&q=economy
625,harbor,"항구, 품다",DAY_21,미암기,Normal,https://translate.google.com/translate_tts?ie=UTF-8&client=tw-ob&tl=en&q=harbor
626,candidate,"후보자, 지원자",DAY_21,미암기,Normal,https://translate.google.com/translate_tts?ie=UTF-8&client=tw-ob&tl=en&q=candidate
627,package,"꾸러미, 포장",DAY_21,미암기,Normal,https://translate.google.com/translate_tts?ie=UTF-8&client=tw-ob&tl=en&q=package
628,maintain,"유지하다, 주장하다",DAY_21,미암기,Normal,https://translate.google.com/translate_tts?ie=UTF-8&client=tw-ob&tl=en&q=maintain
629,element,"요소, 성분",DAY_21,미암기,Normal,https://translate.google.com/translate_tts?ie=UTF-8&client=tw-ob&tl=en&q=element
630,warning,"경고, 주의",DAY_21,미암기,Normal,https://translate.google.com/translate_tts?ie=UTF-8&client=tw-ob&tl=en&q=warning
631,campaign,"캠페인, 운동",DAY_22,미암기,Normal,https://translate.google.com/translate_tts?ie=UTF-8&client=tw-ob&tl=en&q=campaign
632,familiar,"익숙한, 친근한",DAY_22,미암기,Normal,https://translate.google.com/translate_tts?ie=UTF-8&client=tw-ob&tl=en&q=familiar
633,capacity,"용량, 능력",DAY_22,미암기,Normal,https://translate.google.com/translate_tts?ie=UTF-8&client=tw-ob&tl=en&q=capacity
634,scenery,"경치, 배경",DAY_22,미암기,Normal,https://translate.google.com/translate_tts?ie=UTF-8&client=tw-ob&tl=en&q=scenery
635,patience,"인내, 끈기",DAY_22,미암기,Normal,https://translate.google.com/translate_tts?ie=UTF-8&client=tw-ob&tl=en&q=patience
636,magnificent,"웅장한, 감명 깊은",DAY_22,미암기,Normal,https://translate.google.com/translate_tts?ie=UTF-8&client=tw-ob&tl=en&q=magnificent
637,balance,"균형, 잔고",DAY_22,미암기,Normal,https://translate.google.com/translate_tts?ie=UTF-8&client=tw-ob&tl=en&q=balance
638,generate,"생성하다, 일으키다",DAY_22,미암기,Normal,https://translate.google.com/translate_tts?ie=UTF-8&client=tw-ob&tl=en&q=generate
639,accept,받아들이다,DAY_22,미암기,Normal,https://translate.google.com/translate_tts?ie=UTF-8&client=tw-ob&tl=en&q=accept
640,quarter,"4분의 1, 구역",DAY_22,미암기,Normal,https://translate.google.com/translate_tts?ie=UTF-8&client=tw-ob&tl=en&q=quarter
641,journey,"여정, 여행",DAY_22,미암기,Normal,https://translate.google.com/translate_tts?ie=UTF-8&client=tw-ob&tl=en&q=journey
642,temporary,"일시적인, 임시의",DAY_22,미암기,Normal,https://translate.google.com/translate_tts?ie=UTF-8&client=tw-ob&tl=en&q=temporary
643,impact,"영향, 충격",DAY_22,미암기,Normal,https://translate.google.com/translate_tts?ie=UTF-8&client=tw-ob&tl=en&q=impact
644,justice,"정의, 사법",DAY_22,미암기,Normal,https://translate.google.com/translate_tts?ie=UTF-8&client=tw-ob&tl=en&q=justice
645,reasonable,"합리적인, 타당한",DAY_22,미암기,Normal,https://translate.google.com/translate_tts?ie=UTF-8&client=tw-ob&tl=en&q=reasonable
646,heritage,"유산, 전통",DAY_22,미암기,Normal,https://translate.google.com/translate_tts?ie=UTF-8&client=tw-ob&tl=en&q=heritage
647,facility,"시설, 기능",DAY_22,미암기,Normal,https://translate.google.com/translate_tts?ie=UTF-8&client=tw-ob&tl=en&q=facility
648,background,"배경, 바탕",DAY_22,미암기,Normal,https://translate.google.com/translate_tts?ie=UTF-8&client=tw-ob&tl=en&q=background
649,harbor,"항구, 품다",DAY_22,미암기,Normal,https://translate.google.com/translate_tts?ie=UTF-8&client=tw-ob&tl=en&q=harbor
650,gather,"모으다, 모이다",DAY_22,미암기,Normal,https://translate.google.com/translate_tts?ie=UTF-8&client=tw-ob&tl=en&q=gather
651,wealth,"부, 재산",DAY_22,미암기,Normal,https://translate.google.com/translate_tts?ie=UTF-8&client=tw-ob&tl=en&q=wealth
652,economy,경제,DAY_22,미암기,Normal,https://translate.google.com/translate_tts?ie=UTF-8&client=tw-ob&tl=en&q=economy
653,ability,"능력, 재능",DAY_22,미암기,Normal,https://translate.google.com/translate_tts?ie=UTF-8&client=tw-ob&tl=en&q=ability
654,narrative,"이야기, 서사",DAY_22,미암기,Normal,https://translate.google.com/translate_tts?ie=UTF-8&client=tw-ob&tl=en&q=narrative
655,object,"물체, 반대하다",DAY_22,미암기,Normal,https://translate.google.com/translate_tts?ie=UTF-8&client=tw-ob&tl=en&q=object
656,unique,"독특한, 유일무이한",DAY_22,미암기,Normal,https://translate.google.com/translate_tts?ie=UTF-8&client=tw-ob&tl=en&q=unique
657,valuable,"가치 있는, 귀중한",DAY_22,미암기,Normal,https://translate.google.com/translate_tts?ie=UTF-8&client=tw-ob&tl=en&q=valuable
658,damage,"손상, 피해",DAY_22,미암기,Normal,https://translate.google.com/translate_tts?ie=UTF-8&client=tw-ob&tl=en&q=damage
659,laboratory,"실험실, 연구소",DAY_22,미암기,Normal,https://translate.google.com/translate_tts?ie=UTF-8&client=tw-ob&tl=en&q=laboratory
660,identify,"확인하다, 식별하다",DAY_22,미암기,Normal,https://translate.google.com/translate_tts?ie=UTF-8&client=tw-ob&tl=en&q=identify
661,vacant,비어 있는,DAY_23,미암기,Normal,https://translate.google.com/translate_tts?ie=UTF-8&client=tw-ob&tl=en&q=vacant
662,debate,"토론, 논쟁",DAY_23,미암기,Normal,https://translate.google.com/translate_tts?ie=UTF-8&client=tw-ob&tl=en&q=debate
663,abandon,"버리다, 포기하다",DAY_23,미암기,Normal,https://translate.google.com/translate_tts?ie=UTF-8&client=tw-ob&tl=en&q=abandon
664,talent,"재능, 장기",DAY_23,미암기,Normal,https://translate.google.com/translate_tts?ie=UTF-8&client=tw-ob&tl=en&q=talent
665,narrative,"이야기, 서사",DAY_23,미암기,Normal,https://translate.google.com/translate_tts?ie=UTF-8&client=tw-ob&tl=en&q=narrative
666,familiar,"익숙한, 친근한",DAY_23,미암기,Normal,https://translate.google.com/translate_tts?ie=UTF-8&client=tw-ob&tl=en&q=familiar
667,patience,"인내, 끈기",DAY_23,미암기,Normal,https://translate.google.com/translate_tts?ie=UTF-8&client=tw-ob&tl=en&q=patience
668,notice,"알림, 알아차리다",DAY_23,미암기,Normal,https://translate.google.com/translate_tts?ie=UTF-8&client=tw-ob&tl=en&q=notice
669,sacrifice,"희생, 희생하다",DAY_23,미암기,Normal,https://translate.google.com/translate_tts?ie=UTF-8&client=tw-ob&tl=en&q=sacrifice
670,justice,"정의, 사법",DAY_23,미암기,Normal,https://translate.google.com/translate_tts?ie=UTF-8&client=tw-ob&tl=en&q=justice
671,element,"요소, 성분",DAY_23,미암기,Normal,https://translate.google.com/translate_tts?ie=UTF-8&client=tw-ob&tl=en&q=element
672,observe,"관찰하다, 준수하다",DAY_23,미암기,Normal,https://translate.google.com/translate_tts?ie=UTF-8&client=tw-ob&tl=en&q=observe
673,package,"꾸러미, 포장",DAY_23,미암기,Normal,https://translate.google.com/translate_tts?ie=UTF-8&client=tw-ob&tl=en&q=package
674,barrier,"장벽, 장애물",DAY_23,미암기,Normal,https://translate.google.com/translate_tts?ie=UTF-8&client=tw-ob&tl=en&q=barrier
675,reality,"현실, 실제",DAY_23,미암기,Normal,https://translate.google.com/translate_tts?ie=UTF-8&client=tw-ob&tl=en&q=reality
676,impact,"영향, 충격",DAY_23,미암기,Normal,https://translate.google.com/translate_tts?ie=UTF-8&client=tw-ob&tl=en&q=impact
677,knowledge,"지식, 알고 있음",DAY_23,미암기,Normal,https://translate.google.com/translate_tts?ie=UTF-8&client=tw-ob&tl=en&q=knowledge
678,warning,"경고, 주의",DAY_23,미암기,Normal,https://translate.google.com/translate_tts?ie=UTF-8&client=tw-ob&tl=en&q=warning
679,generate,"생성하다, 일으키다",DAY_23,미암기,Normal,https://translate.google.com/translate_tts?ie=UTF-8&client=tw-ob&tl=en&q=generate
680,object,"물체, 반대하다",DAY_23,미암기,Normal,https://translate.google.com/translate_tts?ie=UTF-8&client=tw-ob&tl=en&q=object
681,landscape,"풍경, 경치",DAY_23,미암기,Normal,https://translate.google.com/translate_tts?ie=UTF-8&client=tw-ob&tl=en&q=landscape
682,laboratory,"실험실, 연구소",DAY_23,미암기,Normal,https://translate.google.com/translate_tts?ie=UTF-8&client=tw-ob&tl=en&q=laboratory
683,zone,"구역, 지대",DAY_23,미암기,Normal,https://translate.google.com/translate_tts?ie=UTF-8&client=tw-ob&tl=en&q=zone
684,candidate,"후보자, 지원자",DAY_23,미암기,Normal,https://translate.google.com/translate_tts?ie=UTF-8&client=tw-ob&tl=en&q=candidate
685,ultimate,"궁극적인, 최후의",DAY_23,미암기,Normal,https://translate.google.com/translate_tts?ie=UTF-8&client=tw-ob&tl=en&q=ultimate
686,magnificent,"웅장한, 감명 깊은",DAY_23,미암기,Normal,https://translate.google.com/translate_tts?ie=UTF-8&client=tw-ob&tl=en&q=magnificent
687,youth,"젊음, 청년",DAY_23,미암기,Normal,https://translate.google.com/translate_tts?ie=UTF-8&client=tw-ob&tl=en&q=youth
688,maintain,"유지하다, 주장하다",DAY_23,미암기,Normal,https://translate.google.com/translate_tts?ie=UTF-8&client=tw-ob&tl=en&q=maintain
689,qualify,자격을 얻다,DAY_23,미암기,Normal,https://translate.google.com/translate_tts?ie=UTF-8&client=tw-ob&tl=en&q=qualify
690,heritage,"유산, 전통",DAY_23,미암기,Normal,https://translate.google.com/translate_tts?ie=UTF-8&client=tw-ob&tl=en&q=heritage
691,balance,"균형, 잔고",DAY_24,미암기,Normal,https://translate.google.com/translate_tts?ie=UTF-8&client=tw-ob&tl=en&q=balance
692,maintain,"유지하다, 주장하다",DAY_24,미암기,Normal,https://translate.google.com/translate_tts?ie=UTF-8&client=tw-ob&tl=en&q=maintain
693,damage,"손상, 피해",DAY_24,미암기,Normal,https://translate.google.com/translate_tts?ie=UTF-8&client=tw-ob&tl=en&q=damage
694,gather,"모으다, 모이다",DAY_24,미암기,Normal,https://translate.google.com/translate_tts?ie=UTF-8&client=tw-ob&tl=en&q=gather
695,qualify,자격을 얻다,DAY_24,미암기,Normal,https://translate.google.com/translate_tts?ie=UTF-8&client=tw-ob&tl=en&q=qualify
696,capacity,"용량, 능력",DAY_24,미암기,Normal,https://translate.google.com/translate_tts?ie=UTF-8&client=tw-ob&tl=en&q=capacity
697,temporary,"일시적인, 임시의",DAY_24,미암기,Normal,https://translate.google.com/translate_tts?ie=UTF-8&client=tw-ob&tl=en&q=temporary
698,knowledge,"지식, 알고 있음",DAY_24,미암기,Normal,https://translate.google.com/translate_tts?ie=UTF-8&client=tw-ob&tl=en&q=knowledge
699,facility,"시설, 기능",DAY_24,미암기,Normal,https://translate.google.com/translate_tts?ie=UTF-8&client=tw-ob&tl=en&q=facility
700,background,"배경, 바탕",DAY_24,미암기,Normal,https://translate.google.com/translate_tts?ie=UTF-8&client=tw-ob&tl=en&q=background
701,accept,받아들이다,DAY_24,미암기,Normal,https://translate.google.com/translate_tts?ie=UTF-8&client=tw-ob&tl=en&q=accept
702,scenery,"경치, 배경",DAY_24,미암기,Normal,https://translate.google.com/translate_tts?ie=UTF-8&client=tw-ob&tl=en&q=scenery
703,wealth,"부, 재산",DAY_24,미암기,Normal,https://translate.google.com/translate_tts?ie=UTF-8&client=tw-ob&tl=en&q=wealth
704,sacrifice,"희생, 희생하다",DAY_24,미암기,Normal,https://translate.google.com/translate_tts?ie=UTF-8&client=tw-ob&tl=en&q=sacrifice
705,reasonable,"합리적인, 타당한",DAY_24,미암기,Normal,https://translate.google.com/translate_tts?ie=UTF-8&client=tw-ob&tl=en&q=reasonable
706,identify,"확인하다, 식별하다",DAY_24,미암기,Normal,https://translate.google.com/translate_tts?ie=UTF-8&client=tw-ob&tl=en&q=identify
707,observe,"관찰하다, 준수하다",DAY_24,미암기,Normal,https://translate.google.com/translate_tts?ie=UTF-8&client=tw-ob&tl=en&q=observe
708,quarter,"4분의 1, 구역",DAY_24,미암기,Normal,https://translate.google.com/translate_tts?ie=UTF-8&client=tw-ob&tl=en&q=quarter
709,harbor,"항구, 품다",DAY_24,미암기,Normal,https://translate.google.com/translate_tts?ie=UTF-8&client=tw-ob&tl=en&q=harbor
710,journey,"여정, 여행",DAY_24,미암기,Normal,https://translate.google.com/translate_tts?ie=UTF-8&client=tw-ob&tl=en&q=journey
711,unique,"독특한, 유일무이한",DAY_24,미암기,Normal,https://translate.google.com/translate_tts?ie=UTF-8&client=tw-ob&tl=en&q=unique
712,economy,경제,DAY_24,미암기,Normal,https://translate.google.com/translate_tts?ie=UTF-8&client=tw-ob&tl=en&q=economy
713,valuable,"가치 있는, 귀중한",DAY_24,미암기,Normal,https://translate.google.com/translate_tts?ie=UTF-8&client=tw-ob&tl=en&q=valuable
714,notice,"알림, 알아차리다",DAY_24,미암기,Normal,https://translate.google.com/translate_tts?ie=UTF-8&client=tw-ob&tl=en&q=notice
715,talent,"재능, 장기",DAY_24,미암기,Normal,https://translate.google.com/translate_tts?ie=UTF-8&client=tw-ob&tl=en&q=talent
716,package,"꾸러미, 포장",DAY_24,미암기,Normal,https://translate.google.com/translate_tts?ie=UTF-8&client=tw-ob&tl=en&q=package
717,reality,"현실, 실제",DAY_24,미암기,Normal,https://translate.google.com/translate_tts?ie=UTF-8&client=tw-ob&tl=en&q=reality
718,landscape,"풍경, 경치",DAY_24,미암기,Normal,https://translate.google.com/translate_tts?ie=UTF-8&client=tw-ob&tl=en&q=landscape
719,ability,"능력, 재능",DAY_24,미암기,Normal,https://translate.google.com/translate_tts?ie=UTF-8&client=tw-ob&tl=en&q=ability
720,campaign,"캠페인, 운동",DAY_24,미암기,Normal,https://translate.google.com/translate_tts?ie=UTF-8&client=tw-ob&tl=en&q=campaign
721,abandon,"버리다, 포기하다",DAY_25,미암기,Normal,https://translate.google.com/translate_tts?ie=UTF-8&client=tw-ob&tl=en&q=abandon
722,zone,"구역, 지대",DAY_25,미암기,Normal,https://translate.google.com/translate_tts?ie=UTF-8&client=tw-ob&tl=en&q=zone
723,magnificent,"웅장한, 감명 깊은",DAY_25,미암기,Normal,https://translate.google.com/translate_tts?ie=UTF-8&client=tw-ob&tl=en&q=magnificent
724,temporary,"일시적인, 임시의",DAY_25,미암기,Normal,https://translate.google.com/translate_tts?ie=UTF-8&client=tw-ob&tl=en&q=temporary
725,element,"요소, 성분",DAY_25,미암기,Normal,https://translate.google.com/translate_tts?ie=UTF-8&client=tw-ob&tl=en&q=element
726,barrier,"장벽, 장애물",DAY_25,미암기,Normal,https://translate.google.com/translate_tts?ie=UTF-8&client=tw-ob&tl=en&q=barrier
727,object,"물체, 반대하다",DAY_25,미암기,Normal,https://translate.google.com/translate_tts?ie=UTF-8&client=tw-ob&tl=en&q=object
728,reasonable,"합리적인, 타당한",DAY_25,미암기,Normal,https://translate.google.com/translate_tts?ie=UTF-8&client=tw-ob&tl=en&q=reasonable
729,patience,"인내, 끈기",DAY_25,미암기,Normal,https://translate.google.com/translate_tts?ie=UTF-8&client=tw-ob&tl=en&q=patience
730,valuable,"가치 있는, 귀중한",DAY_25,미암기,Normal,https://translate.google.com/translate_tts?ie=UTF-8&client=tw-ob&tl=en&q=valuable
731,youth,"젊음, 청년",DAY_25,미암기,Normal,https://translate.google.com/translate_tts?ie=UTF-8&client=tw-ob&tl=en&q=youth
732,justice,"정의, 사법",DAY_25,미암기,Normal,https://translate.google.com/translate_tts?ie=UTF-8&client=tw-ob&tl=en&q=justice
733,quarter,"4분의 1, 구역",DAY_25,미암기,Normal,https://translate.google.com/translate_tts?ie=UTF-8&client=tw-ob&tl=en&q=quarter
734,familiar,"익숙한, 친근한",DAY_25,미암기,Normal,https://translate.google.com/translate_tts?ie=UTF-8&client=tw-ob&tl=en&q=familiar
735,accept,받아들이다,DAY_25,미암기,Normal,https://translate.google.com/translate_tts?ie=UTF-8&client=tw-ob&tl=en&q=accept
736,scenery,"경치, 배경",DAY_25,미암기,Normal,https://translate.google.com/translate_tts?ie=UTF-8&client=tw-ob&tl=en&q=scenery
737,candidate,"후보자, 지원자",DAY_25,미암기,Normal,https://translate.google.com/translate_tts?ie=UTF-8&client=tw-ob&tl=en&q=candidate
738,generate,"생성하다, 일으키다",DAY_25,미암기,Normal,https://translate.google.com/translate_tts?ie=UTF-8&client=tw-ob&tl=en&q=generate
739,vacant,비어 있는,DAY_25,미암기,Normal,https://translate.google.com/translate_tts?ie=UTF-8&client=tw-ob&tl=en&q=vacant
740,narrative,"이야기, 서사",DAY_25,미암기,Normal,https://translate.google.com/translate_tts?ie=UTF-8&client=tw-ob&tl=en&q=narrative
741,ultimate,"궁극적인, 최후의",DAY_25,미암기,Normal,https://translate.google.com/translate_tts?ie=UTF-8&client=tw-ob&tl=en&q=ultimate
742,laboratory,"실험실, 연구소",DAY_25,미암기,Normal,https://translate.google.com/translate_tts?ie=UTF-8&client=tw-ob&tl=en&q=laboratory
743,warning,"경고, 주의",DAY_25,미암기,Normal,https://translate.google.com/translate_tts?ie=UTF-8&client=tw-ob&tl=en&q=warning
744,wealth,"부, 재산",DAY_25,미암기,Normal,https://translate.google.com/translate_tts?ie=UTF-8&client=tw-ob&tl=en&q=wealth
745,impact,"영향, 충격",DAY_25,미암기,Normal,https://translate.google.com/translate_tts?ie=UTF-8&client=tw-ob&tl=en&q=impact
746,capacity,"용량, 능력",DAY_25,미암기,Normal,https://translate.google.com/translate_tts?ie=UTF-8&client=tw-ob&tl=en&q=capacity
747,debate,"토론, 논쟁",DAY_25,미암기,Normal,https://translate.google.com/translate_tts?ie=UTF-8&client=tw-ob&tl=en&q=debate
748,heritage,"유산, 전통",DAY_25,미암기,Normal,https://translate.google.com/translate_tts?ie=UTF-8&client=tw-ob&tl=en&q=heritage
749,balance,"균형, 잔고",DAY_25,미암기,Normal,https://translate.google.com/translate_tts?ie=UTF-8&client=tw-ob&tl=en&q=balance
750,unique,"독특한, 유일무이한",DAY_25,미암기,Normal,https://translate.google.com/translate_tts?ie=UTF-8&client=tw-ob&tl=en&q=unique
751,candidate,"후보자, 지원자",DAY_26,미암기,Normal,https://translate.google.com/translate_tts?ie=UTF-8&client=tw-ob&tl=en&q=candidate
752,knowledge,"지식, 알고 있음",DAY_26,미암기,Normal,https://translate.google.com/translate_tts?ie=UTF-8&client=tw-ob&tl=en&q=knowledge
753,campaign,"캠페인, 운동",DAY_26,미암기,Normal,https://translate.google.com/translate_tts?ie=UTF-8&client=tw-ob&tl=en&q=campaign
754,reality,"현실, 실제",DAY_26,미암기,Normal,https://translate.google.com/translate_tts?ie=UTF-8&client=tw-ob&tl=en&q=reality
755,harbor,"항구, 품다",DAY_26,미암기,Normal,https://translate.google.com/translate_tts?ie=UTF-8&client=tw-ob&tl=en&q=harbor
756,ultimate,"궁극적인, 최후의",DAY_26,미암기,Normal,https://translate.google.com/translate_tts?ie=UTF-8&client=tw-ob&tl=en&q=ultimate
757,element,"요소, 성분",DAY_26,미암기,Normal,https://translate.google.com/translate_tts?ie=UTF-8&client=tw-ob&tl=en&q=element
758,economy,경제,DAY_26,미암기,Normal,https://translate.google.com/translate_tts?ie=UTF-8&client=tw-ob&tl=en&q=economy
759,notice,"알림, 알아차리다",DAY_26,미암기,Normal,https://translate.google.com/translate_tts?ie=UTF-8&client=tw-ob&tl=en&q=notice
760,package,"꾸러미, 포장",DAY_26,미암기,Normal,https://translate.google.com/translate_tts?ie=UTF-8&client=tw-ob&tl=en&q=package
761,qualify,자격을 얻다,DAY_26,미암기,Normal,https://translate.google.com/translate_tts?ie=UTF-8&client=tw-ob&tl=en&q=qualify
762,background,"배경, 바탕",DAY_26,미암기,Normal,https://translate.google.com/translate_tts?ie=UTF-8&client=tw-ob&tl=en&q=background
763,sacrifice,"희생, 희생하다",DAY_26,미암기,Normal,https://translate.google.com/translate_tts?ie=UTF-8&client=tw-ob&tl=en&q=sacrifice
764,abandon,"버리다, 포기하다",DAY_26,미암기,Normal,https://translate.google.com/translate_tts?ie=UTF-8&client=tw-ob&tl=en&q=abandon
765,gather,"모으다, 모이다",DAY_26,미암기,Normal,https://translate.google.com/translate_tts?ie=UTF-8&client=tw-ob&tl=en&q=gather
766,maintain,"유지하다, 주장하다",DAY_26,미암기,Normal,https://translate.google.com/translate_tts?ie=UTF-8&client=tw-ob&tl=en&q=maintain
767,debate,"토론, 논쟁",DAY_26,미암기,Normal,https://translate.google.com/translate_tts?ie=UTF-8&client=tw-ob&tl=en&q=debate
768,ability,"능력, 재능",DAY_26,미암기,Normal,https://translate.google.com/translate_tts?ie=UTF-8&client=tw-ob&tl=en&q=ability
769,vacant,비어 있는,DAY_26,미암기,Normal,https://translate.google.com/translate_tts?ie=UTF-8&client=tw-ob&tl=en&q=vacant
770,journey,"여정, 여행",DAY_26,미암기,Normal,https://translate.google.com/translate_tts?ie=UTF-8&client=tw-ob&tl=en&q=journey
771,barrier,"장벽, 장애물",DAY_26,미암기,Normal,https://translate.google.com/translate_tts?ie=UTF-8&client=tw-ob&tl=en&q=barrier
772,damage,"손상, 피해",DAY_26,미암기,Normal,https://translate.google.com/translate_tts?ie=UTF-8&client=tw-ob&tl=en&q=damage
773,youth,"젊음, 청년",DAY_26,미암기,Normal,https://translate.google.com/translate_tts?ie=UTF-8&client=tw-ob&tl=en&q=youth
774,talent,"재능, 장기",DAY_26,미암기,Normal,https://translate.google.com/translate_tts?ie=UTF-8&client=tw-ob&tl=en&q=talent
775,facility,"시설, 기능",DAY_26,미암기,Normal,https://translate.google.com/translate_tts?ie=UTF-8&client=tw-ob&tl=en&q=facility
776,landscape,"풍경, 경치",DAY_26,미암기,Normal,https://translate.google.com/translate_tts?ie=UTF-8&client=tw-ob&tl=en&q=landscape
777,zone,"구역, 지대",DAY_26,미암기,Normal,https://translate.google.com/translate_tts?ie=UTF-8&client=tw-ob&tl=en&q=zone
778,identify,"확인하다, 식별하다",DAY_26,미암기,Normal,https://translate.google.com/translate_tts?ie=UTF-8&client=tw-ob&tl=en&q=identify
779,warning,"경고, 주의",DAY_26,미암기,Normal,https://translate.google.com/translate_tts?ie=UTF-8&client=tw-ob&tl=en&q=warning
780,observe,"관찰하다, 준수하다",DAY_26,미암기,Normal,https://translate.google.com/translate_tts?ie=UTF-8&client=tw-ob&tl=en&q=observe
781,campaign,"캠페인, 운동",DAY_27,미암기,Normal,https://translate.google.com/translate_tts?ie=UTF-8&client=tw-ob&tl=en&q=campaign
782,object,"물체, 반대하다",DAY_27,미암기,Normal,https://translate.google.com/translate_tts?ie=UTF-8&client=tw-ob&tl=en&q=object
783,generate,"생성하다, 일으키다",DAY_27,미암기,Normal,https://translate.google.com/translate_tts?ie=UTF-8&client=tw-ob&tl=en&q=generate
784,laboratory,"실험실, 연구소",DAY_27,미암기,Normal,https://translate.google.com/translate_tts?ie=UTF-8&client=tw-ob&tl=en&q=laboratory
785,identify,"확인하다, 식별하다",DAY_27,미암기,Normal,https://translate.google.com/translate_tts?ie=UTF-8&client=tw-ob&tl=en&q=identify
786,patience,"인내, 끈기",DAY_27,미암기,Normal,https://translate.google.com/translate_tts?ie=UTF-8&client=tw-ob&tl=en&q=patience
787,scenery,"경치, 배경",DAY_27,미암기,Normal,https://translate.google.com/translate_tts?ie=UTF-8&client=tw-ob&tl=en&q=scenery
788,justice,"정의, 사법",DAY_27,미암기,Normal,https://translate.google.com/translate_tts?ie=UTF-8&client=tw-ob&tl=en&q=justice
789,unique,"독특한, 유일무이한",DAY_27,미암기,Normal,https://translate.google.com/translate_tts?ie=UTF-8&client=tw-ob&tl=en&q=unique
790,magnificent,"웅장한, 감명 깊은",DAY_27,미암기,Normal,https://translate.google.com/translate_tts?ie=UTF-8&client=tw-ob&tl=en&q=magnificent
791,economy,경제,DAY_27,미암기,Normal,https://translate.google.com/translate_tts?ie=UTF-8&client=tw-ob&tl=en&q=economy
792,balance,"균형, 잔고",DAY_27,미암기,Normal,https://translate.google.com/translate_tts?ie=UTF-8&client=tw-ob&tl=en&q=balance
793,narrative,"이야기, 서사",DAY_27,미암기,Normal,https://translate.google.com/translate_tts?ie=UTF-8&client=tw-ob&tl=en&q=narrative
794,damage,"손상, 피해",DAY_27,미암기,Normal,https://translate.google.com/translate_tts?ie=UTF-8&client=tw-ob&tl=en&q=damage
795,gather,"모으다, 모이다",DAY_27,미암기,Normal,https://translate.google.com/translate_tts?ie=UTF-8&client=tw-ob&tl=en&q=gather
796,facility,"시설, 기능",DAY_27,미암기,Normal,https://translate.google.com/translate_tts?ie=UTF-8&client=tw-ob&tl=en&q=facility
797,capacity,"용량, 능력",DAY_27,미암기,Normal,https://translate.google.com/translate_tts?ie=UTF-8&client=tw-ob&tl=en&q=capacity
798,impact,"영향, 충격",DAY_27,미암기,Normal,https://translate.google.com/translate_tts?ie=UTF-8&client=tw-ob&tl=en&q=impact
799,valuable,"가치 있는, 귀중한",DAY_27,미암기,Normal,https://translate.google.com/translate_tts?ie=UTF-8&client=tw-ob&tl=en&q=valuable
800,harbor,"항구, 품다",DAY_27,미암기,Normal,https://translate.google.com/translate_tts?ie=UTF-8&client=tw-ob&tl=en&q=harbor
801,familiar,"익숙한, 친근한",DAY_27,미암기,Normal,https://translate.google.com/translate_tts?ie=UTF-8&client=tw-ob&tl=en&q=familiar
802,quarter,"4분의 1, 구역",DAY_27,미암기,Normal,https://translate.google.com/translate_tts?ie=UTF-8&client=tw-ob&tl=en&q=quarter
803,ability,"능력, 재능",DAY_27,미암기,Normal,https://translate.google.com/translate_tts?ie=UTF-8&client=tw-ob&tl=en&q=ability
804,wealth,"부, 재산",DAY_27,미암기,Normal,https://translate.google.com/translate_tts?ie=UTF-8&client=tw-ob&tl=en&q=wealth
805,heritage,"유산, 전통",DAY_27,미암기,Normal,https://translate.google.com/translate_tts?ie=UTF-8&client=tw-ob&tl=en&q=heritage
806,journey,"여정, 여행",DAY_27,미암기,Normal,https://translate.google.com/translate_tts?ie=UTF-8&client=tw-ob&tl=en&q=journey
807,background,"배경, 바탕",DAY_27,미암기,Normal,https://translate.google.com/translate_tts?ie=UTF-8&client=tw-ob&tl=en&q=background
808,temporary,"일시적인, 임시의",DAY_27,미암기,Normal,https://translate.google.com/translate_tts?ie=UTF-8&client=tw-ob&tl=en&q=temporary
809,accept,받아들이다,DAY_27,미암기,Normal,https://translate.google.com/translate_tts?ie=UTF-8&client=tw-ob&tl=en&q=accept
810,reasonable,"합리적인, 타당한",DAY_27,미암기,Normal,https://translate.google.com/translate_tts?ie=UTF-8&client=tw-ob&tl=en&q=reasonable
811,landscape,"풍경, 경치",DAY_28,미암기,Normal,https://translate.google.com/translate_tts?ie=UTF-8&client=tw-ob&tl=en&q=landscape
812,candidate,"후보자, 지원자",DAY_28,미암기,Normal,https://translate.google.com/translate_tts?ie=UTF-8&client=tw-ob&tl=en&q=candidate
813,vacant,비어 있는,DAY_28,미암기,Normal,https://translate.google.com/translate_tts?ie=UTF-8&client=tw-ob&tl=en&q=vacant
814,barrier,"장벽, 장애물",DAY_28,미암기,Normal,https://translate.google.com/translate_tts?ie=UTF-8&client=tw-ob&tl=en&q=barrier
815,qualify,자격을 얻다,DAY_28,미암기,Normal,https://translate.google.com/translate_tts?ie=UTF-8&client=tw-ob&tl=en&q=qualify
816,justice,"정의, 사법",DAY_28,미암기,Normal,https://translate.google.com/translate_tts?ie=UTF-8&client=tw-ob&tl=en&q=justice
817,familiar,"익숙한, 친근한",DAY_28,미암기,Normal,https://translate.google.com/translate_tts?ie=UTF-8&client=tw-ob&tl=en&q=familiar
818,talent,"재능, 장기",DAY_28,미암기,Normal,https://translate.google.com/translate_tts?ie=UTF-8&client=tw-ob&tl=en&q=talent
819,observe,"관찰하다, 준수하다",DAY_28,미암기,Normal,https://translate.google.com/translate_tts?ie=UTF-8&client=tw-ob&tl=en&q=observe
820,generate,"생성하다, 일으키다",DAY_28,미암기,Normal,https://translate.google.com/translate_tts?ie=UTF-8&client=tw-ob&tl=en&q=generate
821,notice,"알림, 알아차리다",DAY_28,미암기,Normal,https://translate.google.com/translate_tts?ie=UTF-8&client=tw-ob&tl=en&q=notice
822,heritage,"유산, 전통",DAY_28,미암기,Normal,https://translate.google.com/translate_tts?ie=UTF-8&client=tw-ob&tl=en&q=heritage
823,laboratory,"실험실, 연구소",DAY_28,미암기,Normal,https://translate.google.com/translate_tts?ie=UTF-8&client=tw-ob&tl=en&q=laboratory
824,package,"꾸러미, 포장",DAY_28,미암기,Normal,https://translate.google.com/translate_tts?ie=UTF-8&client=tw-ob&tl=en&q=package
825,youth,"젊음, 청년",DAY_28,미암기,Normal,https://translate.google.com/translate_tts?ie=UTF-8&client=tw-ob&tl=en&q=youth
826,abandon,"버리다, 포기하다",DAY_28,미암기,Normal,https://translate.google.com/translate_tts?ie=UTF-8&client=tw-ob&tl=en&q=abandon
827,knowledge,"지식, 알고 있음",DAY_28,미암기,Normal,https://translate.google.com/translate_tts?ie=UTF-8&client=tw-ob&tl=en&q=knowledge
828,patience,"인내, 끈기",DAY_28,미암기,Normal,https://translate.google.com/translate_tts?ie=UTF-8&client=tw-ob&tl=en&q=patience
829,warning,"경고, 주의",DAY_28,미암기,Normal,https://translate.google.com/translate_tts?ie=UTF-8&client=tw-ob&tl=en&q=warning
830,element,"요소, 성분",DAY_28,미암기,Normal,https://translate.google.com/translate_tts?ie=UTF-8&client=tw-ob&tl=en&q=element
831,debate,"토론, 논쟁",DAY_28,미암기,Normal,https://translate.google.com/translate_tts?ie=UTF-8&client=tw-ob&tl=en&q=debate
832,impact,"영향, 충격",DAY_28,미암기,Normal,https://translate.google.com/translate_tts?ie=UTF-8&client=tw-ob&tl=en&q=impact
833,object,"물체, 반대하다",DAY_28,미암기,Normal,https://translate.google.com/translate_tts?ie=UTF-8&client=tw-ob&tl=en&q=object
834,zone,"구역, 지대",DAY_28,미암기,Normal,https://translate.google.com/translate_tts?ie=UTF-8&client=tw-ob&tl=en&q=zone
835,sacrifice,"희생, 희생하다",DAY_28,미암기,Normal,https://translate.google.com/translate_tts?ie=UTF-8&client=tw-ob&tl=en&q=sacrifice
836,maintain,"유지하다, 주장하다",DAY_28,미암기,Normal,https://translate.google.com/translate_tts?ie=UTF-8&client=tw-ob&tl=en&q=maintain
837,magnificent,"웅장한, 감명 깊은",DAY_28,미암기,Normal,https://translate.google.com/translate_tts?ie=UTF-8&client=tw-ob&tl=en&q=magnificent
838,reality,"현실, 실제",DAY_28,미암기,Normal,https://translate.google.com/translate_tts?ie=UTF-8&client=tw-ob&tl=en&q=reality
839,narrative,"이야기, 서사",DAY_28,미암기,Normal,https://translate.google.com/translate_tts?ie=UTF-8&client=tw-ob&tl=en&q=narrative
840,ultimate,"궁극적인, 최후의",DAY_28,미암기,Normal,https://translate.google.com/translate_tts?ie=UTF-8&client=tw-ob&tl=en&q=ultimate
841,observe,"관찰하다, 준수하다",DAY_29,미암기,Normal,https://translate.google.com/translate_tts?ie=UTF-8&client=tw-ob&tl=en&q=observe
842,reasonable,"합리적인, 타당한",DAY_29,미암기,Normal,https://translate.google.com/translate_tts?ie=UTF-8&client=tw-ob&tl=en&q=reasonable
843,balance,"균형, 잔고",DAY_29,미암기,Normal,https://translate.google.com/translate_tts?ie=UTF-8&client=tw-ob&tl=en&q=balance
844,campaign,"캠페인, 운동",DAY_29,미암기,Normal,https://translate.google.com/translate_tts?ie=UTF-8&client=tw-ob&tl=en&q=campaign
845,gather,"모으다, 모이다",DAY_29,미암기,Normal,https://translate.google.com/translate_tts?ie=UTF-8&client=tw-ob&tl=en&q=gather
846,qualify,자격을 얻다,DAY_29,미암기,Normal,https://translate.google.com/translate_tts?ie=UTF-8&client=tw-ob&tl=en&q=qualify
847,ability,"능력, 재능",DAY_29,미암기,Normal,https://translate.google.com/translate_tts?ie=UTF-8&client=tw-ob&tl=en&q=ability
848,reality,"현실, 실제",DAY_29,미암기,Normal,https://translate.google.com/translate_tts?ie=UTF-8&client=tw-ob&tl=en&q=reality
849,valuable,"가치 있는, 귀중한",DAY_29,미암기,Normal,https://translate.google.com/translate_tts?ie=UTF-8&client=tw-ob&tl=en&q=valuable
850,journey,"여정, 여행",DAY_29,미암기,Normal,https://translate.google.com/translate_tts?ie=UTF-8&client=tw-ob&tl=en&q=journey
851,unique,"독특한, 유일무이한",DAY_29,미암기,Normal,https://translate.google.com/translate_tts?ie=UTF-8&client=tw-ob&tl=en&q=unique
852,identify,"확인하다, 식별하다",DAY_29,미암기,Normal,https://translate.google.com/translate_tts?ie=UTF-8&client=tw-ob&tl=en&q=identify
853,background,"배경, 바탕",DAY_29,미암기,Normal,https://translate.google.com/translate_tts?ie=UTF-8&client=tw-ob&tl=en&q=background
854,wealth,"부, 재산",DAY_29,미암기,Normal,https://translate.google.com/translate_tts?ie=UTF-8&client=tw-ob&tl=en&q=wealth
855,temporary,"일시적인, 임시의",DAY_29,미암기,Normal,https://translate.google.com/translate_tts?ie=UTF-8&client=tw-ob&tl=en&q=temporary
856,capacity,"용량, 능력",DAY_29,미암기,Normal,https://translate.google.com/translate_tts?ie=UTF-8&client=tw-ob&tl=en&q=capacity
857,talent,"재능, 장기",DAY_29,미암기,Normal,https://translate.google.com/translate_tts?ie=UTF-8&client=tw-ob&tl=en&q=talent
858,quarter,"4분의 1, 구역",DAY_29,미암기,Normal,https://translate.google.com/translate_tts?ie=UTF-8&client=tw-ob&tl=en&q=quarter
859,economy,경제,DAY_29,미암기,Normal,https://translate.google.com/translate_tts?ie=UTF-8&client=tw-ob&tl=en&q=economy
860,landscape,"풍경, 경치",DAY_29,미암기,Normal,https://translate.google.com/translate_tts?ie=UTF-8&client=tw-ob&tl=en&q=landscape
861,knowledge,"지식, 알고 있음",DAY_29,미암기,Normal,https://translate.google.com/translate_tts?ie=UTF-8&client=tw-ob&tl=en&q=knowledge
862,package,"꾸러미, 포장",DAY_29,미암기,Normal,https://translate.google.com/translate_tts?ie=UTF-8&client=tw-ob&tl=en&q=package
863,maintain,"유지하다, 주장하다",DAY_29,미암기,Normal,https://translate.google.com/translate_tts?ie=UTF-8&client=tw-ob&tl=en&q=maintain
864,sacrifice,"희생, 희생하다",DAY_29,미암기,Normal,https://translate.google.com/translate_tts?ie=UTF-8&client=tw-ob&tl=en&q=sacrifice
865,harbor,"항구, 품다",DAY_29,미암기,Normal,https://translate.google.com/translate_tts?ie=UTF-8&client=tw-ob&tl=en&q=harbor
866,facility,"시설, 기능",DAY_29,미암기,Normal,https://translate.google.com/translate_tts?ie=UTF-8&client=tw-ob&tl=en&q=facility
867,damage,"손상, 피해",DAY_29,미암기,Normal,https://translate.google.com/translate_tts?ie=UTF-8&client=tw-ob&tl=en&q=damage
868,notice,"알림, 알아차리다",DAY_29,미암기,Normal,https://translate.google.com/translate_tts?ie=UTF-8&client=tw-ob&tl=en&q=notice
869,accept,받아들이다,DAY_29,미암기,Normal,https://translate.google.com/translate_tts?ie=UTF-8&client=tw-ob&tl=en&q=accept
870,scenery,"경치, 배경",DAY_29,미암기,Normal,https://translate.google.com/translate_tts?ie=UTF-8&client=tw-ob&tl=en&q=scenery
871,quarter,"4분의 1, 구역",DAY_30,미암기,Normal,https://translate.google.com/translate_tts?ie=UTF-8&client=tw-ob&tl=en&q=quarter
872,ultimate,"궁극적인, 최후의",DAY_30,미암기,Normal,https://translate.google.com/translate_tts?ie=UTF-8&client=tw-ob&tl=en&q=ultimate
873,patience,"인내, 끈기",DAY_30,미암기,Normal,https://translate.google.com/translate_tts?ie=UTF-8&client=tw-ob&tl=en&q=patience
874,object,"물체, 반대하다",DAY_30,미암기,Normal,https://translate.google.com/translate_tts?ie=UTF-8&client=tw-ob&tl=en&q=object
875,warning,"경고, 주의",DAY_30,미암기,Normal,https://translate.google.com/translate_tts?ie=UTF-8&client=tw-ob&tl=en&q=warning
876,impact,"영향, 충격",DAY_30,미암기,Normal,https://translate.google.com/translate_tts?ie=UTF-8&client=tw-ob&tl=en&q=impact
877,laboratory,"실험실, 연구소",DAY_30,미암기,Normal,https://translate.google.com/translate_tts?ie=UTF-8&client=tw-ob&tl=en&q=laboratory
878,vacant,비어 있는,DAY_30,미암기,Normal,https://translate.google.com/translate_tts?ie=UTF-8&client=tw-ob&tl=en&q=vacant
879,heritage,"유산, 전통",DAY_30,미암기,Normal,https://translate.google.com/translate_tts?ie=UTF-8&client=tw-ob&tl=en&q=heritage
880,unique,"독특한, 유일무이한",DAY_30,미암기,Normal,https://translate.google.com/translate_tts?ie=UTF-8&client=tw-ob&tl=en&q=unique
881,valuable,"가치 있는, 귀중한",DAY_30,미암기,Normal,https://translate.google.com/translate_tts?ie=UTF-8&client=tw-ob&tl=en&q=valuable
882,accept,받아들이다,DAY_30,미암기,Normal,https://translate.google.com/translate_tts?ie=UTF-8&client=tw-ob&tl=en&q=accept
883,zone,"구역, 지대",DAY_30,미암기,Normal,https://translate.google.com/translate_tts?ie=UTF-8&client=tw-ob&tl=en&q=zone
884,temporary,"일시적인, 임시의",DAY_30,미암기,Normal,https://translate.google.com/translate_tts?ie=UTF-8&client=tw-ob&tl=en&q=temporary
885,capacity,"용량, 능력",DAY_30,미암기,Normal,https://translate.google.com/translate_tts?ie=UTF-8&client=tw-ob&tl=en&q=capacity
886,magnificent,"웅장한, 감명 깊은",DAY_30,미암기,Normal,https://translate.google.com/translate_tts?ie=UTF-8&client=tw-ob&tl=en&q=magnificent
887,reasonable,"합리적인, 타당한",DAY_30,미암기,Normal,https://translate.google.com/translate_tts?ie=UTF-8&client=tw-ob&tl=en&q=reasonable
888,abandon,"버리다, 포기하다",DAY_30,미암기,Normal,https://translate.google.com/translate_tts?ie=UTF-8&client=tw-ob&tl=en&q=abandon
889,narrative,"이야기, 서사",DAY_30,미암기,Normal,https://translate.google.com/translate_tts?ie=UTF-8&client=tw-ob&tl=en&q=narrative
890,balance,"균형, 잔고",DAY_30,미암기,Normal,https://translate.google.com/translate_tts?ie=UTF-8&client=tw-ob&tl=en&q=balance
891,familiar,"익숙한, 친근한",DAY_30,미암기,Normal,https://translate.google.com/translate_tts?ie=UTF-8&client=tw-ob&tl=en&q=familiar
892,barrier,"장벽, 장애물",DAY_30,미암기,Normal,https://translate.google.com/translate_tts?ie=UTF-8&client=tw-ob&tl=en&q=barrier
893,youth,"젊음, 청년",DAY_30,미암기,Normal,https://translate.google.com/translate_tts?ie=UTF-8&client=tw-ob&tl=en&q=youth
894,candidate,"후보자, 지원자",DAY_30,미암기,Normal,https://translate.google.com/translate_tts?ie=UTF-8&client=tw-ob&tl=en&q=candidate
895,wealth,"부, 재산",DAY_30,미암기,Normal,https://translate.google.com/translate_tts?ie=UTF-8&client=tw-ob&tl=en&q=wealth
896,element,"요소, 성분",DAY_30,미암기,Normal,https://translate.google.com/translate_tts?ie=UTF-8&client=tw-ob&tl=en&q=element
897,debate,"토론, 논쟁",DAY_30,미암기,Normal,https://translate.google.com/translate_tts?ie=UTF-8&client=tw-ob&tl=en&q=debate
898,justice,"정의, 사법",DAY_30,미암기,Normal,https://translate.google.com/translate_tts?ie=UTF-8&client=tw-ob&tl=en&q=justice
899,scenery,"경치, 배경",DAY_30,미암기,Normal,https://translate.google.com/translate_tts?ie=UTF-8&client=tw-ob&tl=en&q=scenery
900,generate,"생성하다, 일으키다",DAY_30,미암기,Normal,https://translate.google.com/translate_tts?ie=UTF-8&client=tw-ob&tl=en&q=generate
901,collaborate,"협력하다, 공동으로 작업하다",DAY_31,미암기,Hard,https://translate.google.com/translate_tts?ie=UTF-8&client=tw-ob&tl=en&q=collaborate
902,kinetic,"운동의, 운동에 의한",DAY_31,미암기,Hard,https://translate.google.com/translate_tts?ie=UTF-8&client=tw-ob&tl=en&q=kinetic
903,lucrative,수익성이 좋은,DAY_31,미암기,Hard,https://translate.google.com/translate_tts?ie=UTF-8&client=tw-ob&tl=en&q=lucrative
904,yield,"생산하다, 양도하다, 굴복하다",DAY_31,미암기,Hard,https://translate.google.com/translate_tts?ie=UTF-8&client=tw-ob&tl=en&q=yield
905,vulnerable,"취약한, 연약한",DAY_31,미암기,Hard,https://translate.google.com/translate_tts?ie=UTF-8&client=tw-ob&tl=en&q=vulnerable
906,guarantee,"보장하다, 품질 보증",DAY_31,미암기,Hard,https://translate.google.com/translate_tts?ie=UTF-8&client=tw-ob&tl=en&q=guarantee
907,simultaneous,동시의,DAY_31,미암기,Hard,https://translate.google.com/translate_tts?ie=UTF-8&client=tw-ob&tl=en&q=simultaneous
908,mandatory,"의무적인, 강제적인",DAY_31,미암기,Hard,https://translate.google.com/translate_tts?ie=UTF-8&client=tw-ob&tl=en&q=mandatory
909,tangible,"만질 수 있는, 명백한",DAY_31,미암기,Hard,https://translate.google.com/translate_tts?ie=UTF-8&client=tw-ob&tl=en&q=tangible
910,quantitative,양적인,DAY_31,미암기,Hard,https://translate.google.com/translate_tts?ie=UTF-8&client=tw-ob&tl=en&q=quantitative
911,cognitive,"인지의, 인지적인",DAY_31,미암기,Hard,https://translate.google.com/translate_tts?ie=UTF-8&client=tw-ob&tl=en&q=cognitive
912,fluctuate,"변동하다, 오르내리다",DAY_31,미암기,Hard,https://translate.google.com/translate_tts?ie=UTF-8&client=tw-ob&tl=en&q=fluctuate
913,notorious,악명 높은,DAY_31,미암기,Hard,https://translate.google.com/translate_tts?ie=UTF-8&client=tw-ob&tl=en&q=notorious
914,orthodox,"정통의, 전통적인",DAY_31,미암기,Hard,https://translate.google.com/translate_tts?ie=UTF-8&client=tw-ob&tl=en&q=orthodox
915,hypothesis,"가설, 추정",DAY_31,미암기,Hard,https://translate.google.com/translate_tts?ie=UTF-8&client=tw-ob&tl=en&q=hypothesis
916,unanimous,만장일치의,DAY_31,미암기,Hard,https://translate.google.com/translate_tts?ie=UTF-8&client=tw-ob&tl=en&q=unanimous
917,deteriorate,악화되다,DAY_31,미암기,Hard,https://translate.google.com/translate_tts?ie=UTF-8&client=tw-ob&tl=en&q=deteriorate
918,deficiency,"결핍, 부족",DAY_31,미암기,Hard,https://translate.google.com/translate_tts?ie=UTF-8&client=tw-ob&tl=en&q=deficiency
919,paradox,"역설, 모순",DAY_31,미암기,Hard,https://translate.google.com/translate_tts?ie=UTF-8&client=tw-ob&tl=en&q=paradox
920,ambiguous,"모호한, 다의적인",DAY_31,미암기,Hard,https://translate.google.com/translate_tts?ie=UTF-8&client=tw-ob&tl=en&q=ambiguous
921,eloquent,"유창한, 설득력 있는",DAY_31,미암기,Hard,https://translate.google.com/translate_tts?ie=UTF-8&client=tw-ob&tl=en&q=eloquent
922,breach,"위반, 침해",DAY_31,미암기,Hard,https://translate.google.com/translate_tts?ie=UTF-8&client=tw-ob&tl=en&q=breach
923,xenophobia,외국인 혐오,DAY_31,미암기,Hard,https://translate.google.com/translate_tts?ie=UTF-8&client=tw-ob&tl=en&q=xenophobia
924,benevolent,"자비로운, 자선의",DAY_31,미암기,Hard,https://translate.google.com/translate_tts?ie=UTF-8&client=tw-ob&tl=en&q=benevolent
925,inevitable,"불가피한, 필연적인",DAY_31,미암기,Hard,https://translate.google.com/translate_tts?ie=UTF-8&client=tw-ob&tl=en&q=inevitable
926,eccentric,"괴짜의, 이상한",DAY_31,미암기,Hard,https://translate.google.com/translate_tts?ie=UTF-8&client=tw-ob&tl=en&q=eccentric
927,reciprocal,"상호간의, 호혜적인",DAY_31,미암기,Hard,https://translate.google.com/translate_tts?ie=UTF-8&client=tw-ob&tl=en&q=reciprocal
928,whimsical,변덕스러운,DAY_31,미암기,Hard,https://translate.google.com/translate_tts?ie=UTF-8&client=tw-ob&tl=en&q=whimsical
929,abstract,"추상적인, 개요",DAY_31,미암기,Hard,https://translate.google.com/translate_tts?ie=UTF-8&client=tw-ob&tl=en&q=abstract
930,judicious,"신중한, 판단력 있는",DAY_31,미암기,Hard,https://translate.google.com/translate_tts?ie=UTF-8&client=tw-ob&tl=en&q=judicious
931,scrutinize,세밀히 조사하다,DAY_32,미암기,Hard,https://translate.google.com/translate_tts?ie=UTF-8&client=tw-ob&tl=en&q=scrutinize
932,perpetual,"끊임없는, 영구적인",DAY_32,미암기,Hard,https://translate.google.com/translate_tts?ie=UTF-8&client=tw-ob&tl=en&q=perpetual
933,cognitive,"인지의, 인지적인",DAY_32,미암기,Hard,https://translate.google.com/translate_tts?ie=UTF-8&client=tw-ob&tl=en&q=cognitive
934,eccentric,"괴짜의, 이상한",DAY_32,미암기,Hard,https://translate.google.com/translate_tts?ie=UTF-8&client=tw-ob&tl=en&q=eccentric
935,meticulous,"꼼꼼한, 세심한",DAY_32,미암기,Hard,https://translate.google.com/translate_tts?ie=UTF-8&client=tw-ob&tl=en&q=meticulous
936,abstract,"추상적인, 개요",DAY_32,미암기,Hard,https://translate.google.com/translate_tts?ie=UTF-8&client=tw-ob&tl=en&q=abstract
937,redundant,"불필요한, 과잉의",DAY_32,미암기,Hard,https://translate.google.com/translate_tts?ie=UTF-8&client=tw-ob&tl=en&q=redundant
938,grievance,"불만, 고충",DAY_32,미암기,Hard,https://translate.google.com/translate_tts?ie=UTF-8&client=tw-ob&tl=en&q=grievance
939,formidable,"가공할, 어마어마한",DAY_32,미암기,Hard,https://translate.google.com/translate_tts?ie=UTF-8&client=tw-ob&tl=en&q=formidable
940,benevolent,"자비로운, 자선의",DAY_32,미암기,Hard,https://translate.google.com/translate_tts?ie=UTF-8&client=tw-ob&tl=en&q=benevolent
941,negligible,"하찮은, 무시해도 될 정도의",DAY_32,미암기,Hard,https://translate.google.com/translate_tts?ie=UTF-8&client=tw-ob&tl=en&q=negligible
942,hypothesis,"가설, 추정",DAY_32,미암기,Hard,https://translate.google.com/translate_tts?ie=UTF-8&client=tw-ob&tl=en&q=hypothesis
943,inevitable,"불가피한, 필연적인",DAY_32,미암기,Hard,https://translate.google.com/translate_tts?ie=UTF-8&client=tw-ob&tl=en&q=inevitable
944,guarantee,"보장하다, 품질 보증",DAY_32,미암기,Hard,https://translate.google.com/translate_tts?ie=UTF-8&client=tw-ob&tl=en&q=guarantee
945,warrant,"보증하다, 영장",DAY_32,미암기,Hard,https://translate.google.com/translate_tts?ie=UTF-8&client=tw-ob&tl=en&q=warrant
946,versatile,"다재다능한, 다용도의",DAY_32,미암기,Hard,https://translate.google.com/translate_tts?ie=UTF-8&client=tw-ob&tl=en&q=versatile
947,trivial,"사소한, 하찮은",DAY_32,미암기,Hard,https://translate.google.com/translate_tts?ie=UTF-8&client=tw-ob&tl=en&q=trivial
948,zealous,"열성적인, 열렬한",DAY_32,미암기,Hard,https://translate.google.com/translate_tts?ie=UTF-8&client=tw-ob&tl=en&q=zealous
949,deficiency,"결핍, 부족",DAY_32,미암기,Hard,https://translate.google.com/translate_tts?ie=UTF-8&client=tw-ob&tl=en&q=deficiency
950,drastic,"과감한, 급격한",DAY_32,미암기,Hard,https://translate.google.com/translate_tts?ie=UTF-8&client=tw-ob&tl=en&q=drastic
951,unprecedented,전례 없는,DAY_32,미암기,Hard,https://translate.google.com/translate_tts?ie=UTF-8&client=tw-ob&tl=en&q=unprecedented
952,aesthetic,"미학적인, 미적인",DAY_32,미암기,Hard,https://translate.google.com/translate_tts?ie=UTF-8&client=tw-ob&tl=en&q=aesthetic
953,indispensable,필수불가결한,DAY_32,미암기,Hard,https://translate.google.com/translate_tts?ie=UTF-8&client=tw-ob&tl=en&q=indispensable
954,obsolete,"한물간, 구식의",DAY_32,미암기,Hard,https://translate.google.com/translate_tts?ie=UTF-8&client=tw-ob&tl=en&q=obsolete
955,hostility,"적대감, 적의",DAY_32,미암기,Hard,https://translate.google.com/translate_tts?ie=UTF-8&client=tw-ob&tl=en&q=hostility
956,qualm,"거리낌, 거리껴짐",DAY_32,미암기,Hard,https://translate.google.com/translate_tts?ie=UTF-8&client=tw-ob&tl=en&q=qualm
957,catastrophe,"참사, 재앙",DAY_32,미암기,Hard,https://translate.google.com/translate_tts?ie=UTF-8&client=tw-ob&tl=en&q=catastrophe
958,fluctuate,"변동하다, 오르내리다",DAY_32,미암기,Hard,https://translate.google.com/translate_tts?ie=UTF-8&client=tw-ob&tl=en&q=fluctuate
959,judicious,"신중한, 판단력 있는",DAY_32,미암기,Hard,https://translate.google.com/translate_tts?ie=UTF-8&client=tw-ob&tl=en&q=judicious
960,legitimate,"합법적인, 정당한",DAY_32,미암기,Hard,https://translate.google.com/translate_tts?ie=UTF-8&client=tw-ob&tl=en&q=legitimate
961,quantitative,양적인,DAY_33,미암기,Hard,https://translate.google.com/translate_tts?ie=UTF-8&client=tw-ob&tl=en&q=quantitative
962,legitimate,"합법적인, 정당한",DAY_33,미암기,Hard,https://translate.google.com/translate_tts?ie=UTF-8&client=tw-ob&tl=en&q=legitimate
963,meticulous,"꼼꼼한, 세심한",DAY_33,미암기,Hard,https://translate.google.com/translate_tts?ie=UTF-8&client=tw-ob&tl=en&q=meticulous
964,unanimous,만장일치의,DAY_33,미암기,Hard,https://translate.google.com/translate_tts?ie=UTF-8&client=tw-ob&tl=en&q=unanimous
965,simultaneous,동시의,DAY_33,미암기,Hard,https://translate.google.com/translate_tts?ie=UTF-8&client=tw-ob&tl=en&q=simultaneous
966,indispensable,필수불가결한,DAY_33,미암기,Hard,https://translate.google.com/translate_tts?ie=UTF-8&client=tw-ob&tl=en&q=indispensable
967,whimsical,변덕스러운,DAY_33,미암기,Hard,https://translate.google.com/translate_tts?ie=UTF-8&client=tw-ob&tl=en&q=whimsical
968,formidable,"가공할, 어마어마한",DAY_33,미암기,Hard,https://translate.google.com/translate_tts?ie=UTF-8&client=tw-ob&tl=en&q=formidable
969,hostility,"적대감, 적의",DAY_33,미암기,Hard,https://translate.google.com/translate_tts?ie=UTF-8&client=tw-ob&tl=en&q=hostility
970,notorious,악명 높은,DAY_33,미암기,Hard,https://translate.google.com/translate_tts?ie=UTF-8&client=tw-ob&tl=en&q=notorious
971,negligible,"하찮은, 무시해도 될 정도의",DAY_33,미암기,Hard,https://translate.google.com/translate_tts?ie=UTF-8&client=tw-ob&tl=en&q=negligible
972,breach,"위반, 침해",DAY_33,미암기,Hard,https://translate.google.com/translate_tts?ie=UTF-8&client=tw-ob&tl=en&q=breach
973,grievance,"불만, 고충",DAY_33,미암기,Hard,https://translate.google.com/translate_tts?ie=UTF-8&client=tw-ob&tl=en&q=grievance
974,orthodox,"정통의, 전통적인",DAY_33,미암기,Hard,https://translate.google.com/translate_tts?ie=UTF-8&client=tw-ob&tl=en&q=orthodox
975,vulnerable,"취약한, 연약한",DAY_33,미암기,Hard,https://translate.google.com/translate_tts?ie=UTF-8&client=tw-ob&tl=en&q=vulnerable
976,deteriorate,악화되다,DAY_33,미암기,Hard,https://translate.google.com/translate_tts?ie=UTF-8&client=tw-ob&tl=en&q=deteriorate
977,perpetual,"끊임없는, 영구적인",DAY_33,미암기,Hard,https://translate.google.com/translate_tts?ie=UTF-8&client=tw-ob&tl=en&q=perpetual
978,lucrative,수익성이 좋은,DAY_33,미암기,Hard,https://translate.google.com/translate_tts?ie=UTF-8&client=tw-ob&tl=en&q=lucrative
979,tangible,"만질 수 있는, 명백한",DAY_33,미암기,Hard,https://translate.google.com/translate_tts?ie=UTF-8&client=tw-ob&tl=en&q=tangible
980,ambiguous,"모호한, 다의적인",DAY_33,미암기,Hard,https://translate.google.com/translate_tts?ie=UTF-8&client=tw-ob&tl=en&q=ambiguous
981,eloquent,"유창한, 설득력 있는",DAY_33,미암기,Hard,https://translate.google.com/translate_tts?ie=UTF-8&client=tw-ob&tl=en&q=eloquent
982,yield,"생산하다, 양도하다, 굴복하다",DAY_33,미암기,Hard,https://translate.google.com/translate_tts?ie=UTF-8&client=tw-ob&tl=en&q=yield
983,xenophobia,외국인 혐오,DAY_33,미암기,Hard,https://translate.google.com/translate_tts?ie=UTF-8&client=tw-ob&tl=en&q=xenophobia
984,kinetic,"운동의, 운동에 의한",DAY_33,미암기,Hard,https://translate.google.com/translate_tts?ie=UTF-8&client=tw-ob&tl=en&q=kinetic
985,obsolete,"한물간, 구식의",DAY_33,미암기,Hard,https://translate.google.com/translate_tts?ie=UTF-8&client=tw-ob&tl=en&q=obsolete
986,mandatory,"의무적인, 강제적인",DAY_33,미암기,Hard,https://translate.google.com/translate_tts?ie=UTF-8&client=tw-ob&tl=en&q=mandatory
987,collaborate,"협력하다, 공동으로 작업하다",DAY_33,미암기,Hard,https://translate.google.com/translate_tts?ie=UTF-8&client=tw-ob&tl=en&q=collaborate
988,qualm,"거리낌, 거리껴짐",DAY_33,미암기,Hard,https://translate.google.com/translate_tts?ie=UTF-8&client=tw-ob&tl=en&q=qualm
989,reciprocal,"상호간의, 호혜적인",DAY_33,미암기,Hard,https://translate.google.com/translate_tts?ie=UTF-8&client=tw-ob&tl=en&q=reciprocal
990,paradox,"역설, 모순",DAY_33,미암기,Hard,https://translate.google.com/translate_tts?ie=UTF-8&client=tw-ob&tl=en&q=paradox
991,notorious,악명 높은,DAY_34,미암기,Hard,https://translate.google.com/translate_tts?ie=UTF-8&client=tw-ob&tl=en&q=notorious
992,abstract,"추상적인, 개요",DAY_34,미암기,Hard,https://translate.google.com/translate_tts?ie=UTF-8&client=tw-ob&tl=en&q=abstract
993,deficiency,"결핍, 부족",DAY_34,미암기,Hard,https://translate.google.com/translate_tts?ie=UTF-8&client=tw-ob&tl=en&q=deficiency
994,paradox,"역설, 모순",DAY_34,미암기,Hard,https://translate.google.com/translate_tts?ie=UTF-8&client=tw-ob&tl=en&q=paradox
995,hypothesis,"가설, 추정",DAY_34,미암기,Hard,https://translate.google.com/translate_tts?ie=UTF-8&client=tw-ob&tl=en&q=hypothesis
996,redundant,"불필요한, 과잉의",DAY_34,미암기,Hard,https://translate.google.com/translate_tts?ie=UTF-8&client=tw-ob&tl=en&q=redundant
997,cognitive,"인지의, 인지적인",DAY_34,미암기,Hard,https://translate.google.com/translate_tts?ie=UTF-8&client=tw-ob&tl=en&q=cognitive
998,orthodox,"정통의, 전통적인",DAY_34,미암기,Hard,https://translate.google.com/translate_tts?ie=UTF-8&client=tw-ob&tl=en&q=orthodox
999,fluctuate,"변동하다, 오르내리다",DAY_34,미암기,Hard,https://translate.google.com/translate_tts?ie=UTF-8&client=tw-ob&tl=en&q=fluctuate
1000,aesthetic,"미학적인, 미적인",DAY_34,미암기,Hard,https://translate.google.com/translate_tts?ie=UTF-8&client=tw-ob&tl=en&q=aesthetic
1001,guarantee,"보장하다, 품질 보증",DAY_34,미암기,Hard,https://translate.google.com/translate_tts?ie=UTF-8&client=tw-ob&tl=en&q=guarantee
1002,simultaneous,동시의,DAY_34,미암기,Hard,https://translate.google.com/translate_tts?ie=UTF-8&client=tw-ob&tl=en&q=simultaneous
1003,reciprocal,"상호간의, 호혜적인",DAY_34,미암기,Hard,https://translate.google.com/translate_tts?ie=UTF-8&client=tw-ob&tl=en&q=reciprocal
1004,zealous,"열성적인, 열렬한",DAY_34,미암기,Hard,https://translate.google.com/translate_tts?ie=UTF-8&client=tw-ob&tl=en&q=zealous
1005,benevolent,"자비로운, 자선의",DAY_34,미암기,Hard,https://translate.google.com/translate_tts?ie=UTF-8&client=tw-ob&tl=en&q=benevolent
1006,lucrative,수익성이 좋은,DAY_34,미암기,Hard,https://translate.google.com/translate_tts?ie=UTF-8&client=tw-ob&tl=en&q=lucrative
1007,kinetic,"운동의, 운동에 의한",DAY_34,미암기,Hard,https://translate.google.com/translate_tts?ie=UTF-8&client=tw-ob&tl=en&q=kinetic
1008,unprecedented,전례 없는,DAY_34,미암기,Hard,https://translate.google.com/translate_tts?ie=UTF-8&client=tw-ob&tl=en&q=unprecedented
1009,eccentric,"괴짜의, 이상한",DAY_34,미암기,Hard,https://translate.google.com/translate_tts?ie=UTF-8&client=tw-ob&tl=en&q=eccentric
1010,mandatory,"의무적인, 강제적인",DAY_34,미암기,Hard,https://translate.google.com/translate_tts?ie=UTF-8&client=tw-ob&tl=en&q=mandatory
1011,inevitable,"불가피한, 필연적인",DAY_34,미암기,Hard,https://translate.google.com/translate_tts?ie=UTF-8&client=tw-ob&tl=en&q=inevitable
1012,judicious,"신중한, 판단력 있는",DAY_34,미암기,Hard,https://translate.google.com/translate_tts?ie=UTF-8&client=tw-ob&tl=en&q=judicious
1013,drastic,"과감한, 급격한",DAY_34,미암기,Hard,https://translate.google.com/translate_tts?ie=UTF-8&client=tw-ob&tl=en&q=drastic
1014,warrant,"보증하다, 영장",DAY_34,미암기,Hard,https://translate.google.com/translate_tts?ie=UTF-8&client=tw-ob&tl=en&q=warrant
1015,scrutinize,세밀히 조사하다,DAY_34,미암기,Hard,https://translate.google.com/translate_tts?ie=UTF-8&client=tw-ob&tl=en&q=scrutinize
1016,trivial,"사소한, 하찮은",DAY_34,미암기,Hard,https://translate.google.com/translate_tts?ie=UTF-8&client=tw-ob&tl=en&q=trivial
1017,versatile,"다재다능한, 다용도의",DAY_34,미암기,Hard,https://translate.google.com/translate_tts?ie=UTF-8&client=tw-ob&tl=en&q=versatile
1018,quantitative,양적인,DAY_34,미암기,Hard,https://translate.google.com/translate_tts?ie=UTF-8&client=tw-ob&tl=en&q=quantitative
1019,catastrophe,"참사, 재앙",DAY_34,미암기,Hard,https://translate.google.com/translate_tts?ie=UTF-8&client=tw-ob&tl=en&q=catastrophe
1020,tangible,"만질 수 있는, 명백한",DAY_34,미암기,Hard,https://translate.google.com/translate_tts?ie=UTF-8&client=tw-ob&tl=en&q=tangible
1021,trivial,"사소한, 하찮은",DAY_35,미암기,Hard,https://translate.google.com/translate_tts?ie=UTF-8&client=tw-ob&tl=en&q=trivial
1022,unprecedented,전례 없는,DAY_35,미암기,Hard,https://translate.google.com/translate_tts?ie=UTF-8&client=tw-ob&tl=en&q=unprecedented
1023,redundant,"불필요한, 과잉의",DAY_35,미암기,Hard,https://translate.google.com/translate_tts?ie=UTF-8&client=tw-ob&tl=en&q=redundant
1024,indispensable,필수불가결한,DAY_35,미암기,Hard,https://translate.google.com/translate_tts?ie=UTF-8&client=tw-ob&tl=en&q=indispensable
1025,formidable,"가공할, 어마어마한",DAY_35,미암기,Hard,https://translate.google.com/translate_tts?ie=UTF-8&client=tw-ob&tl=en&q=formidable
1026,xenophobia,외국인 혐오,DAY_35,미암기,Hard,https://translate.google.com/translate_tts?ie=UTF-8&client=tw-ob&tl=en&q=xenophobia
1027,hostility,"적대감, 적의",DAY_35,미암기,Hard,https://translate.google.com/translate_tts?ie=UTF-8&client=tw-ob&tl=en&q=hostility
1028,grievance,"불만, 고충",DAY_35,미암기,Hard,https://translate.google.com/translate_tts?ie=UTF-8&client=tw-ob&tl=en&q=grievance
1029,qualm,"거리낌, 거리껴짐",DAY_35,미암기,Hard,https://translate.google.com/translate_tts?ie=UTF-8&client=tw-ob&tl=en&q=qualm
1030,aesthetic,"미학적인, 미적인",DAY_35,미암기,Hard,https://translate.google.com/translate_tts?ie=UTF-8&client=tw-ob&tl=en&q=aesthetic
1031,breach,"위반, 침해",DAY_35,미암기,Hard,https://translate.google.com/translate_tts?ie=UTF-8&client=tw-ob&tl=en&q=breach
1032,eloquent,"유창한, 설득력 있는",DAY_35,미암기,Hard,https://translate.google.com/translate_tts?ie=UTF-8&client=tw-ob&tl=en&q=eloquent
1033,catastrophe,"참사, 재앙",DAY_35,미암기,Hard,https://translate.google.com/translate_tts?ie=UTF-8&client=tw-ob&tl=en&q=catastrophe
1034,yield,"생산하다, 양도하다, 굴복하다",DAY_35,미암기,Hard,https://translate.google.com/translate_tts?ie=UTF-8&client=tw-ob&tl=en&q=yield
1035,obsolete,"한물간, 구식의",DAY_35,미암기,Hard,https://translate.google.com/translate_tts?ie=UTF-8&client=tw-ob&tl=en&q=obsolete
1036,legitimate,"합법적인, 정당한",DAY_35,미암기,Hard,https://translate.google.com/translate_tts?ie=UTF-8&client=tw-ob&tl=en&q=legitimate
1037,negligible,"하찮은, 무시해도 될 정도의",DAY_35,미암기,Hard,https://translate.google.com/translate_tts?ie=UTF-8&client=tw-ob&tl=en&q=negligible
1038,meticulous,"꼼꼼한, 세심한",DAY_35,미암기,Hard,https://translate.google.com/translate_tts?ie=UTF-8&client=tw-ob&tl=en&q=meticulous
1039,ambiguous,"모호한, 다의적인",DAY_35,미암기,Hard,https://translate.google.com/translate_tts?ie=UTF-8&client=tw-ob&tl=en&q=ambiguous
1040,vulnerable,"취약한, 연약한",DAY_35,미암기,Hard,https://translate.google.com/translate_tts?ie=UTF-8&client=tw-ob&tl=en&q=vulnerable
1041,versatile,"다재다능한, 다용도의",DAY_35,미암기,Hard,https://translate.google.com/translate_tts?ie=UTF-8&client=tw-ob&tl=en&q=versatile
1042,deteriorate,악화되다,DAY_35,미암기,Hard,https://translate.google.com/translate_tts?ie=UTF-8&client=tw-ob&tl=en&q=deteriorate
1043,zealous,"열성적인, 열렬한",DAY_35,미암기,Hard,https://translate.google.com/translate_tts?ie=UTF-8&client=tw-ob&tl=en&q=zealous
1044,drastic,"과감한, 급격한",DAY_35,미암기,Hard,https://translate.google.com/translate_tts?ie=UTF-8&client=tw-ob&tl=en&q=drastic
1045,warrant,"보증하다, 영장",DAY_35,미암기,Hard,https://translate.google.com/translate_tts?ie=UTF-8&client=tw-ob&tl=en&q=warrant
1046,perpetual,"끊임없는, 영구적인",DAY_35,미암기,Hard,https://translate.google.com/translate_tts?ie=UTF-8&client=tw-ob&tl=en&q=perpetual
1047,scrutinize,세밀히 조사하다,DAY_35,미암기,Hard,https://translate.google.com/translate_tts?ie=UTF-8&client=tw-ob&tl=en&q=scrutinize
1048,collaborate,"협력하다, 공동으로 작업하다",DAY_35,미암기,Hard,https://translate.google.com/translate_tts?ie=UTF-8&client=tw-ob&tl=en&q=collaborate
1049,whimsical,변덕스러운,DAY_35,미암기,Hard,https://translate.google.com/translate_tts?ie=UTF-8&client=tw-ob&tl=en&q=whimsical
1050,unanimous,만장일치의,DAY_35,미암기,Hard,https://translate.google.com/translate_tts?ie=UTF-8&client=tw-ob&tl=en&q=unanimous
1051,simultaneous,동시의,DAY_36,미암기,Hard,https://translate.google.com/translate_tts?ie=UTF-8&client=tw-ob&tl=en&q=simultaneous
1052,eccentric,"괴짜의, 이상한",DAY_36,미암기,Hard,https://translate.google.com/translate_tts?ie=UTF-8&client=tw-ob&tl=en&q=eccentric
1053,lucrative,수익성이 좋은,DAY_36,미암기,Hard,https://translate.google.com/translate_tts?ie=UTF-8&client=tw-ob&tl=en&q=lucrative
1054,unanimous,만장일치의,DAY_36,미암기,Hard,https://translate.google.com/translate_tts?ie=UTF-8&client=tw-ob&tl=en&q=unanimous
1055,breach,"위반, 침해",DAY_36,미암기,Hard,https://translate.google.com/translate_tts?ie=UTF-8&client=tw-ob&tl=en&q=breach
1056,xenophobia,외국인 혐오,DAY_36,미암기,Hard,https://translate.google.com/translate_tts?ie=UTF-8&client=tw-ob&tl=en&q=xenophobia
1057,deficiency,"결핍, 부족",DAY_36,미암기,Hard,https://translate.google.com/translate_tts?ie=UTF-8&client=tw-ob&tl=en&q=deficiency
1058,hypothesis,"가설, 추정",DAY_36,미암기,Hard,https://translate.google.com/translate_tts?ie=UTF-8&client=tw-ob&tl=en&q=hypothesis
1059,quantitative,양적인,DAY_36,미암기,Hard,https://translate.google.com/translate_tts?ie=UTF-8&client=tw-ob&tl=en&q=quantitative
1060,abstract,"추상적인, 개요",DAY_36,미암기,Hard,https://translate.google.com/translate_tts?ie=UTF-8&client=tw-ob&tl=en&q=abstract
1061,yield,"생산하다, 양도하다, 굴복하다",DAY_36,미암기,Hard,https://translate.google.com/translate_tts?ie=UTF-8&client=tw-ob&tl=en&q=yield
1062,guarantee,"보장하다, 품질 보증",DAY_36,미암기,Hard,https://translate.google.com/translate_tts?ie=UTF-8&client=tw-ob&tl=en&q=guarantee
1063,ambiguous,"모호한, 다의적인",DAY_36,미암기,Hard,https://translate.google.com/translate_tts?ie=UTF-8&client=tw-ob&tl=en&q=ambiguous
1064,tangible,"만질 수 있는, 명백한",DAY_36,미암기,Hard,https://translate.google.com/translate_tts?ie=UTF-8&client=tw-ob&tl=en&q=tangible
1065,deteriorate,악화되다,DAY_36,미암기,Hard,https://translate.google.com/translate_tts?ie=UTF-8&client=tw-ob&tl=en&q=deteriorate
1066,inevitable,"불가피한, 필연적인",DAY_36,미암기,Hard,https://translate.google.com/translate_tts?ie=UTF-8&client=tw-ob&tl=en&q=inevitable
1067,eloquent,"유창한, 설득력 있는",DAY_36,미암기,Hard,https://translate.google.com/translate_tts?ie=UTF-8&client=tw-ob&tl=en&q=eloquent
1068,cognitive,"인지의, 인지적인",DAY_36,미암기,Hard,https://translate.google.com/translate_tts?ie=UTF-8&client=tw-ob&tl=en&q=cognitive
1069,orthodox,"정통의, 전통적인",DAY_36,미암기,Hard,https://translate.google.com/translate_tts?ie=UTF-8&client=tw-ob&tl=en&q=orthodox
1070,benevolent,"자비로운, 자선의",DAY_36,미암기,Hard,https://translate.google.com/translate_tts?ie=UTF-8&client=tw-ob&tl=en&q=benevolent
1071,reciprocal,"상호간의, 호혜적인",DAY_36,미암기,Hard,https://translate.google.com/translate_tts?ie=UTF-8&client=tw-ob&tl=en&q=reciprocal
1072,mandatory,"의무적인, 강제적인",DAY_36,미암기,Hard,https://translate.google.com/translate_tts?ie=UTF-8&client=tw-ob&tl=en&q=mandatory
1073,vulnerable,"취약한, 연약한",DAY_36,미암기,Hard,https://translate.google.com/translate_tts?ie=UTF-8&client=tw-ob&tl=en&q=vulnerable
1074,judicious,"신중한, 판단력 있는",DAY_36,미암기,Hard,https://translate.google.com/translate_tts?ie=UTF-8&client=tw-ob&tl=en&q=judicious
1075,paradox,"역설, 모순",DAY_36,미암기,Hard,https://translate.google.com/translate_tts?ie=UTF-8&client=tw-ob&tl=en&q=paradox
1076,whimsical,변덕스러운,DAY_36,미암기,Hard,https://translate.google.com/translate_tts?ie=UTF-8&client=tw-ob&tl=en&q=whimsical
1077,notorious,악명 높은,DAY_36,미암기,Hard,https://translate.google.com/translate_tts?ie=UTF-8&client=tw-ob&tl=en&q=notorious
1078,kinetic,"운동의, 운동에 의한",DAY_36,미암기,Hard,https://translate.google.com/translate_tts?ie=UTF-8&client=tw-ob&tl=en&q=kinetic
1079,fluctuate,"변동하다, 오르내리다",DAY_36,미암기,Hard,https://translate.google.com/translate_tts?ie=UTF-8&client=tw-ob&tl=en&q=fluctuate
1080,collaborate,"협력하다, 공동으로 작업하다",DAY_36,미암기,Hard,https://translate.google.com/translate_tts?ie=UTF-8&client=tw-ob&tl=en&q=collaborate
1081,drastic,"과감한, 급격한",DAY_37,미암기,Hard,https://translate.google.com/translate_tts?ie=UTF-8&client=tw-ob&tl=en&q=drastic
1082,judicious,"신중한, 판단력 있는",DAY_37,미암기,Hard,https://translate.google.com/translate_tts?ie=UTF-8&client=tw-ob&tl=en&q=judicious
1083,hostility,"적대감, 적의",DAY_37,미암기,Hard,https://translate.google.com/translate_tts?ie=UTF-8&client=tw-ob&tl=en&q=hostility
1084,redundant,"불필요한, 과잉의",DAY_37,미암기,Hard,https://translate.google.com/translate_tts?ie=UTF-8&client=tw-ob&tl=en&q=redundant
1085,zealous,"열성적인, 열렬한",DAY_37,미암기,Hard,https://translate.google.com/translate_tts?ie=UTF-8&client=tw-ob&tl=en&q=zealous
1086,trivial,"사소한, 하찮은",DAY_37,미암기,Hard,https://translate.google.com/translate_tts?ie=UTF-8&client=tw-ob&tl=en&q=trivial
1087,scrutinize,세밀히 조사하다,DAY_37,미암기,Hard,https://translate.google.com/translate_tts?ie=UTF-8&client=tw-ob&tl=en&q=scrutinize
1088,benevolent,"자비로운, 자선의",DAY_37,미암기,Hard,https://translate.google.com/translate_tts?ie=UTF-8&client=tw-ob&tl=en&q=benevolent
1089,catastrophe,"참사, 재앙",DAY_37,미암기,Hard,https://translate.google.com/translate_tts?ie=UTF-8&client=tw-ob&tl=en&q=catastrophe
1090,guarantee,"보장하다, 품질 보증",DAY_37,미암기,Hard,https://translate.google.com/translate_tts?ie=UTF-8&client=tw-ob&tl=en&q=guarantee
1091,fluctuate,"변동하다, 오르내리다",DAY_37,미암기,Hard,https://translate.google.com/translate_tts?ie=UTF-8&client=tw-ob&tl=en&q=fluctuate
1092,unprecedented,전례 없는,DAY_37,미암기,Hard,https://translate.google.com/translate_tts?ie=UTF-8&client=tw-ob&tl=en&q=unprecedented
1093,deficiency,"결핍, 부족",DAY_37,미암기,Hard,https://translate.google.com/translate_tts?ie=UTF-8&client=tw-ob&tl=en&q=deficiency
1094,hypothesis,"가설, 추정",DAY_37,미암기,Hard,https://translate.google.com/translate_tts?ie=UTF-8&client=tw-ob&tl=en&q=hypothesis
1095,cognitive,"인지의, 인지적인",DAY_37,미암기,Hard,https://translate.google.com/translate_tts?ie=UTF-8&client=tw-ob&tl=en&q=cognitive
1096,meticulous,"꼼꼼한, 세심한",DAY_37,미암기,Hard,https://translate.google.com/translate_tts?ie=UTF-8&client=tw-ob&tl=en&q=meticulous
1097,obsolete,"한물간, 구식의",DAY_37,미암기,Hard,https://translate.google.com/translate_tts?ie=UTF-8&client=tw-ob&tl=en&q=obsolete
1098,formidable,"가공할, 어마어마한",DAY_37,미암기,Hard,https://translate.google.com/translate_tts?ie=UTF-8&client=tw-ob&tl=en&q=formidable
1099,indispensable,필수불가결한,DAY_37,미암기,Hard,https://translate.google.com/translate_tts?ie=UTF-8&client=tw-ob&tl=en&q=indispensable
1100,warrant,"보증하다, 영장",DAY_37,미암기,Hard,https://translate.google.com/translate_tts?ie=UTF-8&client=tw-ob&tl=en&q=warrant
1101,inevitable,"불가피한, 필연적인",DAY_37,미암기,Hard,https://translate.google.com/translate_tts?ie=UTF-8&client=tw-ob&tl=en&q=inevitable
1102,qualm,"거리낌, 거리껴짐",DAY_37,미암기,Hard,https://translate.google.com/translate_tts?ie=UTF-8&client=tw-ob&tl=en&q=qualm
1103,legitimate,"합법적인, 정당한",DAY_37,미암기,Hard,https://translate.google.com/translate_tts?ie=UTF-8&client=tw-ob&tl=en&q=legitimate
1104,aesthetic,"미학적인, 미적인",DAY_37,미암기,Hard,https://translate.google.com/translate_tts?ie=UTF-8&client=tw-ob&tl=en&q=aesthetic
1105,perpetual,"끊임없는, 영구적인",DAY_37,미암기,Hard,https://translate.google.com/translate_tts?ie=UTF-8&client=tw-ob&tl=en&q=perpetual
1106,negligible,"하찮은, 무시해도 될 정도의",DAY_37,미암기,Hard,https://translate.google.com/translate_tts?ie=UTF-8&client=tw-ob&tl=en&q=negligible
1107,grievance,"불만, 고충",DAY_37,미암기,Hard,https://translate.google.com/translate_tts?ie=UTF-8&client=tw-ob&tl=en&q=grievance
1108,eccentric,"괴짜의, 이상한",DAY_37,미암기,Hard,https://translate.google.com/translate_tts?ie=UTF-8&client=tw-ob&tl=en&q=eccentric
1109,versatile,"다재다능한, 다용도의",DAY_37,미암기,Hard,https://translate.google.com/translate_tts?ie=UTF-8&client=tw-ob&tl=en&q=versatile
1110,abstract,"추상적인, 개요",DAY_37,미암기,Hard,https://translate.google.com/translate_tts?ie=UTF-8&client=tw-ob&tl=en&q=abstract
1111,tangible,"만질 수 있는, 명백한",DAY_38,미암기,Hard,https://translate.google.com/translate_tts?ie=UTF-8&client=tw-ob&tl=en&q=tangible
1112,lucrative,수익성이 좋은,DAY_38,미암기,Hard,https://translate.google.com/translate_tts?ie=UTF-8&client=tw-ob&tl=en&q=lucrative
1113,indispensable,필수불가결한,DAY_38,미암기,Hard,https://translate.google.com/translate_tts?ie=UTF-8&client=tw-ob&tl=en&q=indispensable
1114,notorious,악명 높은,DAY_38,미암기,Hard,https://translate.google.com/translate_tts?ie=UTF-8&client=tw-ob&tl=en&q=notorious
1115,vulnerable,"취약한, 연약한",DAY_38,미암기,Hard,https://translate.google.com/translate_tts?ie=UTF-8&client=tw-ob&tl=en&q=vulnerable
1116,unanimous,만장일치의,DAY_38,미암기,Hard,https://translate.google.com/translate_tts?ie=UTF-8&client=tw-ob&tl=en&q=unanimous
1117,legitimate,"합법적인, 정당한",DAY_38,미암기,Hard,https://translate.google.com/translate_tts?ie=UTF-8&client=tw-ob&tl=en&q=legitimate
1118,kinetic,"운동의, 운동에 의한",DAY_38,미암기,Hard,https://translate.google.com/translate_tts?ie=UTF-8&client=tw-ob&tl=en&q=kinetic
1119,perpetual,"끊임없는, 영구적인",DAY_38,미암기,Hard,https://translate.google.com/translate_tts?ie=UTF-8&client=tw-ob&tl=en&q=perpetual
1120,obsolete,"한물간, 구식의",DAY_38,미암기,Hard,https://translate.google.com/translate_tts?ie=UTF-8&client=tw-ob&tl=en&q=obsolete
1121,paradox,"역설, 모순",DAY_38,미암기,Hard,https://translate.google.com/translate_tts?ie=UTF-8&client=tw-ob&tl=en&q=paradox
1122,deteriorate,악화되다,DAY_38,미암기,Hard,https://translate.google.com/translate_tts?ie=UTF-8&client=tw-ob&tl=en&q=deteriorate
1123,negligible,"하찮은, 무시해도 될 정도의",DAY_38,미암기,Hard,https://translate.google.com/translate_tts?ie=UTF-8&client=tw-ob&tl=en&q=negligible
1124,eloquent,"유창한, 설득력 있는",DAY_38,미암기,Hard,https://translate.google.com/translate_tts?ie=UTF-8&client=tw-ob&tl=en&q=eloquent
1125,grievance,"불만, 고충",DAY_38,미암기,Hard,https://translate.google.com/translate_tts?ie=UTF-8&client=tw-ob&tl=en&q=grievance
1126,mandatory,"의무적인, 강제적인",DAY_38,미암기,Hard,https://translate.google.com/translate_tts?ie=UTF-8&client=tw-ob&tl=en&q=mandatory
1127,formidable,"가공할, 어마어마한",DAY_38,미암기,Hard,https://translate.google.com/translate_tts?ie=UTF-8&client=tw-ob&tl=en&q=formidable
1128,qualm,"거리낌, 거리껴짐",DAY_38,미암기,Hard,https://translate.google.com/translate_tts?ie=UTF-8&client=tw-ob&tl=en&q=qualm
1129,quantitative,양적인,DAY_38,미암기,Hard,https://translate.google.com/translate_tts?ie=UTF-8&client=tw-ob&tl=en&q=quantitative
1130,whimsical,변덕스러운,DAY_38,미암기,Hard,https://translate.google.com/translate_tts?ie=UTF-8&client=tw-ob&tl=en&q=whimsical
1131,orthodox,"정통의, 전통적인",DAY_38,미암기,Hard,https://translate.google.com/translate_tts?ie=UTF-8&client=tw-ob&tl=en&q=orthodox
1132,collaborate,"협력하다, 공동으로 작업하다",DAY_38,미암기,Hard,https://translate.google.com/translate_tts?ie=UTF-8&client=tw-ob&tl=en&q=collaborate
1133,yield,"생산하다, 양도하다, 굴복하다",DAY_38,미암기,Hard,https://translate.google.com/translate_tts?ie=UTF-8&client=tw-ob&tl=en&q=yield
1134,reciprocal,"상호간의, 호혜적인",DAY_38,미암기,Hard,https://translate.google.com/translate_tts?ie=UTF-8&client=tw-ob&tl=en&q=reciprocal
1135,meticulous,"꼼꼼한, 세심한",DAY_38,미암기,Hard,https://translate.google.com/translate_tts?ie=UTF-8&client=tw-ob&tl=en&q=meticulous
1136,ambiguous,"모호한, 다의적인",DAY_38,미암기,Hard,https://translate.google.com/translate_tts?ie=UTF-8&client=tw-ob&tl=en&q=ambiguous
1137,xenophobia,외국인 혐오,DAY_38,미암기,Hard,https://translate.google.com/translate_tts?ie=UTF-8&client=tw-ob&tl=en&q=xenophobia
1138,simultaneous,동시의,DAY_38,미암기,Hard,https://translate.google.com/translate_tts?ie=UTF-8&client=tw-ob&tl=en&q=simultaneous
1139,hostility,"적대감, 적의",DAY_38,미암기,Hard,https://translate.google.com/translate_tts?ie=UTF-8&client=tw-ob&tl=en&q=hostility
1140,breach,"위반, 침해",DAY_38,미암기,Hard,https://translate.google.com/translate_tts?ie=UTF-8&client=tw-ob&tl=en&q=breach
1141,unprecedented,전례 없는,DAY_39,미암기,Hard,https://translate.google.com/translate_tts?ie=UTF-8&client=tw-ob&tl=en&q=unprecedented
1142,simultaneous,동시의,DAY_39,미암기,Hard,https://translate.google.com/translate_tts?ie=UTF-8&client=tw-ob&tl=en&q=simultaneous
1143,drastic,"과감한, 급격한",DAY_39,미암기,Hard,https://translate.google.com/translate_tts?ie=UTF-8&client=tw-ob&tl=en&q=drastic
1144,catastrophe,"참사, 재앙",DAY_39,미암기,Hard,https://translate.google.com/translate_tts?ie=UTF-8&client=tw-ob&tl=en&q=catastrophe
1145,versatile,"다재다능한, 다용도의",DAY_39,미암기,Hard,https://translate.google.com/translate_tts?ie=UTF-8&client=tw-ob&tl=en&q=versatile
1146,scrutinize,세밀히 조사하다,DAY_39,미암기,Hard,https://translate.google.com/translate_tts?ie=UTF-8&client=tw-ob&tl=en&q=scrutinize
1147,lucrative,수익성이 좋은,DAY_39,미암기,Hard,https://translate.google.com/translate_tts?ie=UTF-8&client=tw-ob&tl=en&q=lucrative
1148,notorious,악명 높은,DAY_39,미암기,Hard,https://translate.google.com/translate_tts?ie=UTF-8&client=tw-ob&tl=en&q=notorious
1149,trivial,"사소한, 하찮은",DAY_39,미암기,Hard,https://translate.google.com/translate_tts?ie=UTF-8&client=tw-ob&tl=en&q=trivial
1150,kinetic,"운동의, 운동에 의한",DAY_39,미암기,Hard,https://translate.google.com/translate_tts?ie=UTF-8&client=tw-ob&tl=en&q=kinetic
1151,judicious,"신중한, 판단력 있는",DAY_39,미암기,Hard,https://translate.google.com/translate_tts?ie=UTF-8&client=tw-ob&tl=en&q=judicious
1152,guarantee,"보장하다, 품질 보증",DAY_39,미암기,Hard,https://translate.google.com/translate_tts?ie=UTF-8&client=tw-ob&tl=en&q=guarantee
1153,reciprocal,"상호간의, 호혜적인",DAY_39,미암기,Hard,https://translate.google.com/translate_tts?ie=UTF-8&client=tw-ob&tl=en&q=reciprocal
1154,warrant,"보증하다, 영장",DAY_39,미암기,Hard,https://translate.google.com/translate_tts?ie=UTF-8&client=tw-ob&tl=en&q=warrant
1155,redundant,"불필요한, 과잉의",DAY_39,미암기,Hard,https://translate.google.com/translate_tts?ie=UTF-8&client=tw-ob&tl=en&q=redundant
1156,deficiency,"결핍, 부족",DAY_39,미암기,Hard,https://translate.google.com/translate_tts?ie=UTF-8&client=tw-ob&tl=en&q=deficiency
1157,inevitable,"불가피한, 필연적인",DAY_39,미암기,Hard,https://translate.google.com/translate_tts?ie=UTF-8&client=tw-ob&tl=en&q=inevitable
1158,mandatory,"의무적인, 강제적인",DAY_39,미암기,Hard,https://translate.google.com/translate_tts?ie=UTF-8&client=tw-ob&tl=en&q=mandatory
1159,aesthetic,"미학적인, 미적인",DAY_39,미암기,Hard,https://translate.google.com/translate_tts?ie=UTF-8&client=tw-ob&tl=en&q=aesthetic
1160,zealous,"열성적인, 열렬한",DAY_39,미암기,Hard,https://translate.google.com/translate_tts?ie=UTF-8&client=tw-ob&tl=en&q=zealous
1161,quantitative,양적인,DAY_39,미암기,Hard,https://translate.google.com/translate_tts?ie=UTF-8&client=tw-ob&tl=en&q=quantitative
1162,eccentric,"괴짜의, 이상한",DAY_39,미암기,Hard,https://translate.google.com/translate_tts?ie=UTF-8&client=tw-ob&tl=en&q=eccentric
1163,cognitive,"인지의, 인지적인",DAY_39,미암기,Hard,https://translate.google.com/translate_tts?ie=UTF-8&client=tw-ob&tl=en&q=cognitive
1164,paradox,"역설, 모순",DAY_39,미암기,Hard,https://translate.google.com/translate_tts?ie=UTF-8&client=tw-ob&tl=en&q=paradox
1165,orthodox,"정통의, 전통적인",DAY_39,미암기,Hard,https://translate.google.com/translate_tts?ie=UTF-8&client=tw-ob&tl=en&q=orthodox
1166,tangible,"만질 수 있는, 명백한",DAY_39,미암기,Hard,https://translate.google.com/translate_tts?ie=UTF-8&client=tw-ob&tl=en&q=tangible
1167,abstract,"추상적인, 개요",DAY_39,미암기,Hard,https://translate.google.com/translate_tts?ie=UTF-8&client=tw-ob&tl=en&q=abstract
1168,benevolent,"자비로운, 자선의",DAY_39,미암기,Hard,https://translate.google.com/translate_tts?ie=UTF-8&client=tw-ob&tl=en&q=benevolent
1169,fluctuate,"변동하다, 오르내리다",DAY_39,미암기,Hard,https://translate.google.com/translate_tts?ie=UTF-8&client=tw-ob&tl=en&q=fluctuate
1170,hypothesis,"가설, 추정",DAY_39,미암기,Hard,https://translate.google.com/translate_tts?ie=UTF-8&client=tw-ob&tl=en&q=hypothesis
1171,catastrophe,"참사, 재앙",DAY_40,미암기,Hard,https://translate.google.com/translate_tts?ie=UTF-8&client=tw-ob&tl=en&q=catastrophe
1172,drastic,"과감한, 급격한",DAY_40,미암기,Hard,https://translate.google.com/translate_tts?ie=UTF-8&client=tw-ob&tl=en&q=drastic
1173,eloquent,"유창한, 설득력 있는",DAY_40,미암기,Hard,https://translate.google.com/translate_tts?ie=UTF-8&client=tw-ob&tl=en&q=eloquent
1174,qualm,"거리낌, 거리껴짐",DAY_40,미암기,Hard,https://translate.google.com/translate_tts?ie=UTF-8&client=tw-ob&tl=en&q=qualm
1175,vulnerable,"취약한, 연약한",DAY_40,미암기,Hard,https://translate.google.com/translate_tts?ie=UTF-8&client=tw-ob&tl=en&q=vulnerable
1176,grievance,"불만, 고충",DAY_40,미암기,Hard,https://translate.google.com/translate_tts?ie=UTF-8&client=tw-ob&tl=en&q=grievance
1177,scrutinize,세밀히 조사하다,DAY_40,미암기,Hard,https://translate.google.com/translate_tts?ie=UTF-8&client=tw-ob&tl=en&q=scrutinize
1178,zealous,"열성적인, 열렬한",DAY_40,미암기,Hard,https://translate.google.com/translate_tts?ie=UTF-8&client=tw-ob&tl=en&q=zealous
1179,collaborate,"협력하다, 공동으로 작업하다",DAY_40,미암기,Hard,https://translate.google.com/translate_tts?ie=UTF-8&client=tw-ob&tl=en&q=collaborate
1180,aesthetic,"미학적인, 미적인",DAY_40,미암기,Hard,https://translate.google.com/translate_tts?ie=UTF-8&client=tw-ob&tl=en&q=aesthetic
1181,breach,"위반, 침해",DAY_40,미암기,Hard,https://translate.google.com/translate_tts?ie=UTF-8&client=tw-ob&tl=en&q=breach
1182,perpetual,"끊임없는, 영구적인",DAY_40,미암기,Hard,https://translate.google.com/translate_tts?ie=UTF-8&client=tw-ob&tl=en&q=perpetual
1183,obsolete,"한물간, 구식의",DAY_40,미암기,Hard,https://translate.google.com/translate_tts?ie=UTF-8&client=tw-ob&tl=en&q=obsolete
1184,ambiguous,"모호한, 다의적인",DAY_40,미암기,Hard,https://translate.google.com/translate_tts?ie=UTF-8&client=tw-ob&tl=en&q=ambiguous
1185,warrant,"보증하다, 영장",DAY_40,미암기,Hard,https://translate.google.com/translate_tts?ie=UTF-8&client=tw-ob&tl=en&q=warrant
1186,trivial,"사소한, 하찮은",DAY_40,미암기,Hard,https://translate.google.com/translate_tts?ie=UTF-8&client=tw-ob&tl=en&q=trivial
1187,hostility,"적대감, 적의",DAY_40,미암기,Hard,https://translate.google.com/translate_tts?ie=UTF-8&client=tw-ob&tl=en&q=hostility
1188,formidable,"가공할, 어마어마한",DAY_40,미암기,Hard,https://translate.google.com/translate_tts?ie=UTF-8&client=tw-ob&tl=en&q=formidable
1189,deteriorate,악화되다,DAY_40,미암기,Hard,https://translate.google.com/translate_tts?ie=UTF-8&client=tw-ob&tl=en&q=deteriorate
1190,meticulous,"꼼꼼한, 세심한",DAY_40,미암기,Hard,https://translate.google.com/translate_tts?ie=UTF-8&client=tw-ob&tl=en&q=meticulous
1191,whimsical,변덕스러운,DAY_40,미암기,Hard,https://translate.google.com/translate_tts?ie=UTF-8&client=tw-ob&tl=en&q=whimsical
1192,versatile,"다재다능한, 다용도의",DAY_40,미암기,Hard,https://translate.google.com/translate_tts?ie=UTF-8&client=tw-ob&tl=en&q=versatile
1193,redundant,"불필요한, 과잉의",DAY_40,미암기,Hard,https://translate.google.com/translate_tts?ie=UTF-8&client=tw-ob&tl=en&q=redundant
1194,indispensable,필수불가결한,DAY_40,미암기,Hard,https://translate.google.com/translate_tts?ie=UTF-8&client=tw-ob&tl=en&q=indispensable
1195,yield,"생산하다, 양도하다, 굴복하다",DAY_40,미암기,Hard,https://translate.google.com/translate_tts?ie=UTF-8&client=tw-ob&tl=en&q=yield
1196,unprecedented,전례 없는,DAY_40,미암기,Hard,https://translate.google.com/translate_tts?ie=UTF-8&client=tw-ob&tl=en&q=unprecedented
1197,unanimous,만장일치의,DAY_40,미암기,Hard,https://translate.google.com/translate_tts?ie=UTF-8&client=tw-ob&tl=en&q=unanimous
1198,legitimate,"합법적인, 정당한",DAY_40,미암기,Hard,https://translate.google.com/translate_tts?ie=UTF-8&client=tw-ob&tl=en&q=legitimate
1199,negligible,"하찮은, 무시해도 될 정도의",DAY_40,미암기,Hard,https://translate.google.com/translate_tts?ie=UTF-8&client=tw-ob&tl=en&q=negligible
1200,xenophobia,외국인 혐오,DAY_40,미암기,Hard,https://translate.google.com/translate_tts?ie=UTF-8&client=tw-ob&tl=en&q=xenophobia
1201,quantitative,양적인,DAY_41,미암기,Hard,https://translate.google.com/translate_tts?ie=UTF-8&client=tw-ob&tl=en&q=quantitative
1202,xenophobia,외국인 혐오,DAY_41,미암기,Hard,https://translate.google.com/translate_tts?ie=UTF-8&client=tw-ob&tl=en&q=xenophobia
1203,hypothesis,"가설, 추정",DAY_41,미암기,Hard,https://translate.google.com/translate_tts?ie=UTF-8&client=tw-ob&tl=en&q=hypothesis
1204,paradox,"역설, 모순",DAY_41,미암기,Hard,https://translate.google.com/translate_tts?ie=UTF-8&client=tw-ob&tl=en&q=paradox
1205,eccentric,"괴짜의, 이상한",DAY_41,미암기,Hard,https://translate.google.com/translate_tts?ie=UTF-8&client=tw-ob&tl=en&q=eccentric
1206,breach,"위반, 침해",DAY_41,미암기,Hard,https://translate.google.com/translate_tts?ie=UTF-8&client=tw-ob&tl=en&q=breach
1207,reciprocal,"상호간의, 호혜적인",DAY_41,미암기,Hard,https://translate.google.com/translate_tts?ie=UTF-8&client=tw-ob&tl=en&q=reciprocal
1208,simultaneous,동시의,DAY_41,미암기,Hard,https://translate.google.com/translate_tts?ie=UTF-8&client=tw-ob&tl=en&q=simultaneous
1209,mandatory,"의무적인, 강제적인",DAY_41,미암기,Hard,https://translate.google.com/translate_tts?ie=UTF-8&client=tw-ob&tl=en&q=mandatory
1210,eloquent,"유창한, 설득력 있는",DAY_41,미암기,Hard,https://translate.google.com/translate_tts?ie=UTF-8&client=tw-ob&tl=en&q=eloquent
1211,inevitable,"불가피한, 필연적인",DAY_41,미암기,Hard,https://translate.google.com/translate_tts?ie=UTF-8&client=tw-ob&tl=en&q=inevitable
1212,collaborate,"협력하다, 공동으로 작업하다",DAY_41,미암기,Hard,https://translate.google.com/translate_tts?ie=UTF-8&client=tw-ob&tl=en&q=collaborate
1213,cognitive,"인지의, 인지적인",DAY_41,미암기,Hard,https://translate.google.com/translate_tts?ie=UTF-8&client=tw-ob&tl=en&q=cognitive
1214,guarantee,"보장하다, 품질 보증",DAY_41,미암기,Hard,https://translate.google.com/translate_tts?ie=UTF-8&client=tw-ob&tl=en&q=guarantee
1215,ambiguous,"모호한, 다의적인",DAY_41,미암기,Hard,https://translate.google.com/translate_tts?ie=UTF-8&client=tw-ob&tl=en&q=ambiguous
1216,lucrative,수익성이 좋은,DAY_41,미암기,Hard,https://translate.google.com/translate_tts?ie=UTF-8&client=tw-ob&tl=en&q=lucrative
1217,vulnerable,"취약한, 연약한",DAY_41,미암기,Hard,https://translate.google.com/translate_tts?ie=UTF-8&client=tw-ob&tl=en&q=vulnerable
1218,tangible,"만질 수 있는, 명백한",DAY_41,미암기,Hard,https://translate.google.com/translate_tts?ie=UTF-8&client=tw-ob&tl=en&q=tangible
1219,kinetic,"운동의, 운동에 의한",DAY_41,미암기,Hard,https://translate.google.com/translate_tts?ie=UTF-8&client=tw-ob&tl=en&q=kinetic
1220,benevolent,"자비로운, 자선의",DAY_41,미암기,Hard,https://translate.google.com/translate_tts?ie=UTF-8&client=tw-ob&tl=en&q=benevolent
1221,abstract,"추상적인, 개요",DAY_41,미암기,Hard,https://translate.google.com/translate_tts?ie=UTF-8&client=tw-ob&tl=en&q=abstract
1222,judicious,"신중한, 판단력 있는",DAY_41,미암기,Hard,https://translate.google.com/translate_tts?ie=UTF-8&client=tw-ob&tl=en&q=judicious
1223,fluctuate,"변동하다, 오르내리다",DAY_41,미암기,Hard,https://translate.google.com/translate_tts?ie=UTF-8&client=tw-ob&tl=en&q=fluctuate
1224,orthodox,"정통의, 전통적인",DAY_41,미암기,Hard,https://translate.google.com/translate_tts?ie=UTF-8&client=tw-ob&tl=en&q=orthodox
1225,deteriorate,악화되다,DAY_41,미암기,Hard,https://translate.google.com/translate_tts?ie=UTF-8&client=tw-ob&tl=en&q=deteriorate
1226,whimsical,변덕스러운,DAY_41,미암기,Hard,https://translate.google.com/translate_tts?ie=UTF-8&client=tw-ob&tl=en&q=whimsical
1227,unanimous,만장일치의,DAY_41,미암기,Hard,https://translate.google.com/translate_tts?ie=UTF-8&client=tw-ob&tl=en&q=unanimous
1228,yield,"생산하다, 양도하다, 굴복하다",DAY_41,미암기,Hard,https://translate.google.com/translate_tts?ie=UTF-8&client=tw-ob&tl=en&q=yield
1229,deficiency,"결핍, 부족",DAY_41,미암기,Hard,https://translate.google.com/translate_tts?ie=UTF-8&client=tw-ob&tl=en&q=deficiency
1230,notorious,악명 높은,DAY_41,미암기,Hard,https://translate.google.com/translate_tts?ie=UTF-8&client=tw-ob&tl=en&q=notorious
1231,unprecedented,전례 없는,DAY_42,미암기,Hard,https://translate.google.com/translate_tts?ie=UTF-8&client=tw-ob&tl=en&q=unprecedented
1232,eccentric,"괴짜의, 이상한",DAY_42,미암기,Hard,https://translate.google.com/translate_tts?ie=UTF-8&client=tw-ob&tl=en&q=eccentric
1233,benevolent,"자비로운, 자선의",DAY_42,미암기,Hard,https://translate.google.com/translate_tts?ie=UTF-8&client=tw-ob&tl=en&q=benevolent
1234,indispensable,필수불가결한,DAY_42,미암기,Hard,https://translate.google.com/translate_tts?ie=UTF-8&client=tw-ob&tl=en&q=indispensable
1235,grievance,"불만, 고충",DAY_42,미암기,Hard,https://translate.google.com/translate_tts?ie=UTF-8&client=tw-ob&tl=en&q=grievance
1236,judicious,"신중한, 판단력 있는",DAY_42,미암기,Hard,https://translate.google.com/translate_tts?ie=UTF-8&client=tw-ob&tl=en&q=judicious
1237,trivial,"사소한, 하찮은",DAY_42,미암기,Hard,https://translate.google.com/translate_tts?ie=UTF-8&client=tw-ob&tl=en&q=trivial
1238,drastic,"과감한, 급격한",DAY_42,미암기,Hard,https://translate.google.com/translate_tts?ie=UTF-8&client=tw-ob&tl=en&q=drastic
1239,scrutinize,세밀히 조사하다,DAY_42,미암기,Hard,https://translate.google.com/translate_tts?ie=UTF-8&client=tw-ob&tl=en&q=scrutinize
1240,negligible,"하찮은, 무시해도 될 정도의",DAY_42,미암기,Hard,https://translate.google.com/translate_tts?ie=UTF-8&client=tw-ob&tl=en&q=negligible
1241,redundant,"불필요한, 과잉의",DAY_42,미암기,Hard,https://translate.google.com/translate_tts?ie=UTF-8&client=tw-ob&tl=en&q=redundant
1242,hypothesis,"가설, 추정",DAY_42,미암기,Hard,https://translate.google.com/translate_tts?ie=UTF-8&client=tw-ob&tl=en&q=hypothesis
1243,inevitable,"불가피한, 필연적인",DAY_42,미암기,Hard,https://translate.google.com/translate_tts?ie=UTF-8&client=tw-ob&tl=en&q=inevitable
1244,zealous,"열성적인, 열렬한",DAY_42,미암기,Hard,https://translate.google.com/translate_tts?ie=UTF-8&client=tw-ob&tl=en&q=zealous
1245,guarantee,"보장하다, 품질 보증",DAY_42,미암기,Hard,https://translate.google.com/translate_tts?ie=UTF-8&client=tw-ob&tl=en&q=guarantee
1246,hostility,"적대감, 적의",DAY_42,미암기,Hard,https://translate.google.com/translate_tts?ie=UTF-8&client=tw-ob&tl=en&q=hostility
1247,meticulous,"꼼꼼한, 세심한",DAY_42,미암기,Hard,https://translate.google.com/translate_tts?ie=UTF-8&client=tw-ob&tl=en&q=meticulous
1248,aesthetic,"미학적인, 미적인",DAY_42,미암기,Hard,https://translate.google.com/translate_tts?ie=UTF-8&client=tw-ob&tl=en&q=aesthetic
1249,qualm,"거리낌, 거리껴짐",DAY_42,미암기,Hard,https://translate.google.com/translate_tts?ie=UTF-8&client=tw-ob&tl=en&q=qualm
1250,cognitive,"인지의, 인지적인",DAY_42,미암기,Hard,https://translate.google.com/translate_tts?ie=UTF-8&client=tw-ob&tl=en&q=cognitive
1251,formidable,"가공할, 어마어마한",DAY_42,미암기,Hard,https://translate.google.com/translate_tts?ie=UTF-8&client=tw-ob&tl=en&q=formidable
1252,deficiency,"결핍, 부족",DAY_42,미암기,Hard,https://translate.google.com/translate_tts?ie=UTF-8&client=tw-ob&tl=en&q=deficiency
1253,fluctuate,"변동하다, 오르내리다",DAY_42,미암기,Hard,https://translate.google.com/translate_tts?ie=UTF-8&client=tw-ob&tl=en&q=fluctuate
1254,perpetual,"끊임없는, 영구적인",DAY_42,미암기,Hard,https://translate.google.com/translate_tts?ie=UTF-8&client=tw-ob&tl=en&q=perpetual
1255,abstract,"추상적인, 개요",DAY_42,미암기,Hard,https://translate.google.com/translate_tts?ie=UTF-8&client=tw-ob&tl=en&q=abstract
1256,versatile,"다재다능한, 다용도의",DAY_42,미암기,Hard,https://translate.google.com/translate_tts?ie=UTF-8&client=tw-ob&tl=en&q=versatile
1257,obsolete,"한물간, 구식의",DAY_42,미암기,Hard,https://translate.google.com/translate_tts?ie=UTF-8&client=tw-ob&tl=en&q=obsolete
1258,legitimate,"합법적인, 정당한",DAY_42,미암기,Hard,https://translate.google.com/translate_tts?ie=UTF-8&client=tw-ob&tl=en&q=legitimate
1259,catastrophe,"참사, 재앙",DAY_42,미암기,Hard,https://translate.google.com/translate_tts?ie=UTF-8&client=tw-ob&tl=en&q=catastrophe
1260,warrant,"보증하다, 영장",DAY_42,미암기,Hard,https://translate.google.com/translate_tts?ie=UTF-8&client=tw-ob&tl=en&q=warrant
1261,qualm,"거리낌, 거리껴짐",DAY_43,미암기,Hard,https://translate.google.com/translate_tts?ie=UTF-8&client=tw-ob&tl=en&q=qualm
1262,eloquent,"유창한, 설득력 있는",DAY_43,미암기,Hard,https://translate.google.com/translate_tts?ie=UTF-8&client=tw-ob&tl=en&q=eloquent
1263,mandatory,"의무적인, 강제적인",DAY_43,미암기,Hard,https://translate.google.com/translate_tts?ie=UTF-8&client=tw-ob&tl=en&q=mandatory
1264,meticulous,"꼼꼼한, 세심한",DAY_43,미암기,Hard,https://translate.google.com/translate_tts?ie=UTF-8&client=tw-ob&tl=en&q=meticulous
1265,collaborate,"협력하다, 공동으로 작업하다",DAY_43,미암기,Hard,https://translate.google.com/translate_tts?ie=UTF-8&client=tw-ob&tl=en&q=collaborate
1266,quantitative,양적인,DAY_43,미암기,Hard,https://translate.google.com/translate_tts?ie=UTF-8&client=tw-ob&tl=en&q=quantitative
1267,unanimous,만장일치의,DAY_43,미암기,Hard,https://translate.google.com/translate_tts?ie=UTF-8&client=tw-ob&tl=en&q=unanimous
1268,orthodox,"정통의, 전통적인",DAY_43,미암기,Hard,https://translate.google.com/translate_tts?ie=UTF-8&client=tw-ob&tl=en&q=orthodox
1269,negligible,"하찮은, 무시해도 될 정도의",DAY_43,미암기,Hard,https://translate.google.com/translate_tts?ie=UTF-8&client=tw-ob&tl=en&q=negligible
1270,xenophobia,외국인 혐오,DAY_43,미암기,Hard,https://translate.google.com/translate_tts?ie=UTF-8&client=tw-ob&tl=en&q=xenophobia
1271,paradox,"역설, 모순",DAY_43,미암기,Hard,https://translate.google.com/translate_tts?ie=UTF-8&client=tw-ob&tl=en&q=paradox
1272,breach,"위반, 침해",DAY_43,미암기,Hard,https://translate.google.com/translate_tts?ie=UTF-8&client=tw-ob&tl=en&q=breach
1273,notorious,악명 높은,DAY_43,미암기,Hard,https://translate.google.com/translate_tts?ie=UTF-8&client=tw-ob&tl=en&q=notorious
1274,yield,"생산하다, 양도하다, 굴복하다",DAY_43,미암기,Hard,https://translate.google.com/translate_tts?ie=UTF-8&client=tw-ob&tl=en&q=yield
1275,formidable,"가공할, 어마어마한",DAY_43,미암기,Hard,https://translate.google.com/translate_tts?ie=UTF-8&client=tw-ob&tl=en&q=formidable
1276,indispensable,필수불가결한,DAY_43,미암기,Hard,https://translate.google.com/translate_tts?ie=UTF-8&client=tw-ob&tl=en&q=indispensable
1277,ambiguous,"모호한, 다의적인",DAY_43,미암기,Hard,https://translate.google.com/translate_tts?ie=UTF-8&client=tw-ob&tl=en&q=ambiguous
1278,lucrative,수익성이 좋은,DAY_43,미암기,Hard,https://translate.google.com/translate_tts?ie=UTF-8&client=tw-ob&tl=en&q=lucrative
1279,grievance,"불만, 고충",DAY_43,미암기,Hard,https://translate.google.com/translate_tts?ie=UTF-8&client=tw-ob&tl=en&q=grievance
1280,simultaneous,동시의,DAY_43,미암기,Hard,https://translate.google.com/translate_tts?ie=UTF-8&client=tw-ob&tl=en&q=simultaneous
1281,perpetual,"끊임없는, 영구적인",DAY_43,미암기,Hard,https://translate.google.com/translate_tts?ie=UTF-8&client=tw-ob&tl=en&q=perpetual
1282,kinetic,"운동의, 운동에 의한",DAY_43,미암기,Hard,https://translate.google.com/translate_tts?ie=UTF-8&client=tw-ob&tl=en&q=kinetic
1283,legitimate,"합법적인, 정당한",DAY_43,미암기,Hard,https://translate.google.com/translate_tts?ie=UTF-8&client=tw-ob&tl=en&q=legitimate
1284,hostility,"적대감, 적의",DAY_43,미암기,Hard,https://translate.google.com/translate_tts?ie=UTF-8&client=tw-ob&tl=en&q=hostility
1285,tangible,"만질 수 있는, 명백한",DAY_43,미암기,Hard,https://translate.google.com/translate_tts?ie=UTF-8&client=tw-ob&tl=en&q=tangible
1286,obsolete,"한물간, 구식의",DAY_43,미암기,Hard,https://translate.google.com/translate_tts?ie=UTF-8&client=tw-ob&tl=en&q=obsolete
1287,vulnerable,"취약한, 연약한",DAY_43,미암기,Hard,https://translate.google.com/translate_tts?ie=UTF-8&client=tw-ob&tl=en&q=vulnerable
1288,deteriorate,악화되다,DAY_43,미암기,Hard,https://translate.google.com/translate_tts?ie=UTF-8&client=tw-ob&tl=en&q=deteriorate
1289,whimsical,변덕스러운,DAY_43,미암기,Hard,https://translate.google.com/translate_tts?ie=UTF-8&client=tw-ob&tl=en&q=whimsical
1290,reciprocal,"상호간의, 호혜적인",DAY_43,미암기,Hard,https://translate.google.com/translate_tts?ie=UTF-8&client=tw-ob&tl=en&q=reciprocal
1291,reciprocal,"상호간의, 호혜적인",DAY_44,미암기,Hard,https://translate.google.com/translate_tts?ie=UTF-8&client=tw-ob&tl=en&q=reciprocal
1292,quantitative,양적인,DAY_44,미암기,Hard,https://translate.google.com/translate_tts?ie=UTF-8&client=tw-ob&tl=en&q=quantitative
1293,redundant,"불필요한, 과잉의",DAY_44,미암기,Hard,https://translate.google.com/translate_tts?ie=UTF-8&client=tw-ob&tl=en&q=redundant
1294,aesthetic,"미학적인, 미적인",DAY_44,미암기,Hard,https://translate.google.com/translate_tts?ie=UTF-8&client=tw-ob&tl=en&q=aesthetic
1295,judicious,"신중한, 판단력 있는",DAY_44,미암기,Hard,https://translate.google.com/translate_tts?ie=UTF-8&client=tw-ob&tl=en&q=judicious
1296,unprecedented,전례 없는,DAY_44,미암기,Hard,https://translate.google.com/translate_tts?ie=UTF-8&client=tw-ob&tl=en&q=unprecedented
1297,guarantee,"보장하다, 품질 보증",DAY_44,미암기,Hard,https://translate.google.com/translate_tts?ie=UTF-8&client=tw-ob&tl=en&q=guarantee
1298,kinetic,"운동의, 운동에 의한",DAY_44,미암기,Hard,https://translate.google.com/translate_tts?ie=UTF-8&client=tw-ob&tl=en&q=kinetic
1299,lucrative,수익성이 좋은,DAY_44,미암기,Hard,https://translate.google.com/translate_tts?ie=UTF-8&client=tw-ob&tl=en&q=lucrative
1300,fluctuate,"변동하다, 오르내리다",DAY_44,미암기,Hard,https://translate.google.com/translate_tts?ie=UTF-8&client=tw-ob&tl=en&q=fluctuate
1301,orthodox,"정통의, 전통적인",DAY_44,미암기,Hard,https://translate.google.com/translate_tts?ie=UTF-8&client=tw-ob&tl=en&q=orthodox
1302,simultaneous,동시의,DAY_44,미암기,Hard,https://translate.google.com/translate_tts?ie=UTF-8&client=tw-ob&tl=en&q=simultaneous
1303,hypothesis,"가설, 추정",DAY_44,미암기,Hard,https://translate.google.com/translate_tts?ie=UTF-8&client=tw-ob&tl=en&q=hypothesis
1304,catastrophe,"참사, 재앙",DAY_44,미암기,Hard,https://translate.google.com/translate_tts?ie=UTF-8&client=tw-ob&tl=en&q=catastrophe
1305,cognitive,"인지의, 인지적인",DAY_44,미암기,Hard,https://translate.google.com/translate_tts?ie=UTF-8&client=tw-ob&tl=en&q=cognitive
1306,mandatory,"의무적인, 강제적인",DAY_44,미암기,Hard,https://translate.google.com/translate_tts?ie=UTF-8&client=tw-ob&tl=en&q=mandatory
1307,zealous,"열성적인, 열렬한",DAY_44,미암기,Hard,https://translate.google.com/translate_tts?ie=UTF-8&client=tw-ob&tl=en&q=zealous
1308,warrant,"보증하다, 영장",DAY_44,미암기,Hard,https://translate.google.com/translate_tts?ie=UTF-8&client=tw-ob&tl=en&q=warrant
1309,deficiency,"결핍, 부족",DAY_44,미암기,Hard,https://translate.google.com/translate_tts?ie=UTF-8&client=tw-ob&tl=en&q=deficiency
1310,abstract,"추상적인, 개요",DAY_44,미암기,Hard,https://translate.google.com/translate_tts?ie=UTF-8&client=tw-ob&tl=en&q=abstract
1311,tangible,"만질 수 있는, 명백한",DAY_44,미암기,Hard,https://translate.google.com/translate_tts?ie=UTF-8&client=tw-ob&tl=en&q=tangible
1312,trivial,"사소한, 하찮은",DAY_44,미암기,Hard,https://translate.google.com/translate_tts?ie=UTF-8&client=tw-ob&tl=en&q=trivial
1313,versatile,"다재다능한, 다용도의",DAY_44,미암기,Hard,https://translate.google.com/translate_tts?ie=UTF-8&client=tw-ob&tl=en&q=versatile
1314,notorious,악명 높은,DAY_44,미암기,Hard,https://translate.google.com/translate_tts?ie=UTF-8&client=tw-ob&tl=en&q=notorious
1315,benevolent,"자비로운, 자선의",DAY_44,미암기,Hard,https://translate.google.com/translate_tts?ie=UTF-8&client=tw-ob&tl=en&q=benevolent
1316,inevitable,"불가피한, 필연적인",DAY_44,미암기,Hard,https://translate.google.com/translate_tts?ie=UTF-8&client=tw-ob&tl=en&q=inevitable
1317,scrutinize,세밀히 조사하다,DAY_44,미암기,Hard,https://translate.google.com/translate_tts?ie=UTF-8&client=tw-ob&tl=en&q=scrutinize
1318,eccentric,"괴짜의, 이상한",DAY_44,미암기,Hard,https://translate.google.com/translate_tts?ie=UTF-8&client=tw-ob&tl=en&q=eccentric
1319,paradox,"역설, 모순",DAY_44,미암기,Hard,https://translate.google.com/translate_tts?ie=UTF-8&client=tw-ob&tl=en&q=paradox
1320,drastic,"과감한, 급격한",DAY_44,미암기,Hard,https://translate.google.com/translate_tts?ie=UTF-8&client=tw-ob&tl=en&q=drastic
1321,qualm,"거리낌, 거리껴짐",DAY_45,미암기,Hard,https://translate.google.com/translate_tts?ie=UTF-8&client=tw-ob&tl=en&q=qualm
1322,eloquent,"유창한, 설득력 있는",DAY_45,미암기,Hard,https://translate.google.com/translate_tts?ie=UTF-8&client=tw-ob&tl=en&q=eloquent
1323,negligible,"하찮은, 무시해도 될 정도의",DAY_45,미암기,Hard,https://translate.google.com/translate_tts?ie=UTF-8&client=tw-ob&tl=en&q=negligible
1324,meticulous,"꼼꼼한, 세심한",DAY_45,미암기,Hard,https://translate.google.com/translate_tts?ie=UTF-8&client=tw-ob&tl=en&q=meticulous
1325,vulnerable,"취약한, 연약한",DAY_45,미암기,Hard,https://translate.google.com/translate_tts?ie=UTF-8&client=tw-ob&tl=en&q=vulnerable
1326,legitimate,"합법적인, 정당한",DAY_45,미암기,Hard,https://translate.google.com/translate_tts?ie=UTF-8&client=tw-ob&tl=en&q=legitimate
1327,aesthetic,"미학적인, 미적인",DAY_45,미암기,Hard,https://translate.google.com/translate_tts?ie=UTF-8&client=tw-ob&tl=en&q=aesthetic
1328,indispensable,필수불가결한,DAY_45,미암기,Hard,https://translate.google.com/translate_tts?ie=UTF-8&client=tw-ob&tl=en&q=indispensable
1329,breach,"위반, 침해",DAY_45,미암기,Hard,https://translate.google.com/translate_tts?ie=UTF-8&client=tw-ob&tl=en&q=breach
1330,catastrophe,"참사, 재앙",DAY_45,미암기,Hard,https://translate.google.com/translate_tts?ie=UTF-8&client=tw-ob&tl=en&q=catastrophe
1331,perpetual,"끊임없는, 영구적인",DAY_45,미암기,Hard,https://translate.google.com/translate_tts?ie=UTF-8&client=tw-ob&tl=en&q=perpetual
1332,redundant,"불필요한, 과잉의",DAY_45,미암기,Hard,https://translate.google.com/translate_tts?ie=UTF-8&client=tw-ob&tl=en&q=redundant
1333,formidable,"가공할, 어마어마한",DAY_45,미암기,Hard,https://translate.google.com/translate_tts?ie=UTF-8&client=tw-ob&tl=en&q=formidable
1334,ambiguous,"모호한, 다의적인",DAY_45,미암기,Hard,https://translate.google.com/translate_tts?ie=UTF-8&client=tw-ob&tl=en&q=ambiguous
1335,zealous,"열성적인, 열렬한",DAY_45,미암기,Hard,https://translate.google.com/translate_tts?ie=UTF-8&client=tw-ob&tl=en&q=zealous
1336,xenophobia,외국인 혐오,DAY_45,미암기,Hard,https://translate.google.com/translate_tts?ie=UTF-8&client=tw-ob&tl=en&q=xenophobia
1337,deteriorate,악화되다,DAY_45,미암기,Hard,https://translate.google.com/translate_tts?ie=UTF-8&client=tw-ob&tl=en&q=deteriorate
1338,unanimous,만장일치의,DAY_45,미암기,Hard,https://translate.google.com/translate_tts?ie=UTF-8&client=tw-ob&tl=en&q=unanimous
1339,trivial,"사소한, 하찮은",DAY_45,미암기,Hard,https://translate.google.com/translate_tts?ie=UTF-8&client=tw-ob&tl=en&q=trivial
1340,drastic,"과감한, 급격한",DAY_45,미암기,Hard,https://translate.google.com/translate_tts?ie=UTF-8&client=tw-ob&tl=en&q=drastic
1341,grievance,"불만, 고충",DAY_45,미암기,Hard,https://translate.google.com/translate_tts?ie=UTF-8&client=tw-ob&tl=en&q=grievance
1342,obsolete,"한물간, 구식의",DAY_45,미암기,Hard,https://translate.google.com/translate_tts?ie=UTF-8&client=tw-ob&tl=en&q=obsolete
1343,hostility,"적대감, 적의",DAY_45,미암기,Hard,https://translate.google.com/translate_tts?ie=UTF-8&client=tw-ob&tl=en&q=hostility
1344,warrant,"보증하다, 영장",DAY_45,미암기,Hard,https://translate.google.com/translate_tts?ie=UTF-8&client=tw-ob&tl=en&q=warrant
1345,unprecedented,전례 없는,DAY_45,미암기,Hard,https://translate.google.com/translate_tts?ie=UTF-8&client=tw-ob&tl=en&q=unprecedented
1346,scrutinize,세밀히 조사하다,DAY_45,미암기,Hard,https://translate.google.com/translate_tts?ie=UTF-8&client=tw-ob&tl=en&q=scrutinize
1347,collaborate,"협력하다, 공동으로 작업하다",DAY_45,미암기,Hard,https://translate.google.com/translate_tts?ie=UTF-8&client=tw-ob&tl=en&q=collaborate
1348,versatile,"다재다능한, 다용도의",DAY_45,미암기,Hard,https://translate.google.com/translate_tts?ie=UTF-8&client=tw-ob&tl=en&q=versatile
1349,yield,"생산하다, 양도하다, 굴복하다",DAY_45,미암기,Hard,https://translate.google.com/translate_tts?ie=UTF-8&client=tw-ob&tl=en&q=yield
1350,whimsical,변덕스러운,DAY_45,미암기,Hard,https://translate.google.com/translate_tts?ie=UTF-8&client=tw-ob&tl=en&q=whimsical
1351,lucrative,수익성이 좋은,DAY_46,미암기,Hard,https://translate.google.com/translate_tts?ie=UTF-8&client=tw-ob&tl=en&q=lucrative
1352,abstract,"추상적인, 개요",DAY_46,미암기,Hard,https://translate.google.com/translate_tts?ie=UTF-8&client=tw-ob&tl=en&q=abstract
1353,fluctuate,"변동하다, 오르내리다",DAY_46,미암기,Hard,https://translate.google.com/translate_tts?ie=UTF-8&client=tw-ob&tl=en&q=fluctuate
1354,deteriorate,악화되다,DAY_46,미암기,Hard,https://translate.google.com/translate_tts?ie=UTF-8&client=tw-ob&tl=en&q=deteriorate
1355,xenophobia,외국인 혐오,DAY_46,미암기,Hard,https://translate.google.com/translate_tts?ie=UTF-8&client=tw-ob&tl=en&q=xenophobia
1356,vulnerable,"취약한, 연약한",DAY_46,미암기,Hard,https://translate.google.com/translate_tts?ie=UTF-8&client=tw-ob&tl=en&q=vulnerable
1357,kinetic,"운동의, 운동에 의한",DAY_46,미암기,Hard,https://translate.google.com/translate_tts?ie=UTF-8&client=tw-ob&tl=en&q=kinetic
1358,guarantee,"보장하다, 품질 보증",DAY_46,미암기,Hard,https://translate.google.com/translate_tts?ie=UTF-8&client=tw-ob&tl=en&q=guarantee
1359,ambiguous,"모호한, 다의적인",DAY_46,미암기,Hard,https://translate.google.com/translate_tts?ie=UTF-8&client=tw-ob&tl=en&q=ambiguous
1360,inevitable,"불가피한, 필연적인",DAY_46,미암기,Hard,https://translate.google.com/translate_tts?ie=UTF-8&client=tw-ob&tl=en&q=inevitable
1361,simultaneous,동시의,DAY_46,미암기,Hard,https://translate.google.com/translate_tts?ie=UTF-8&client=tw-ob&tl=en&q=simultaneous
1362,mandatory,"의무적인, 강제적인",DAY_46,미암기,Hard,https://translate.google.com/translate_tts?ie=UTF-8&client=tw-ob&tl=en&q=mandatory
1363,paradox,"역설, 모순",DAY_46,미암기,Hard,https://translate.google.com/translate_tts?ie=UTF-8&client=tw-ob&tl=en&q=paradox
1364,collaborate,"협력하다, 공동으로 작업하다",DAY_46,미암기,Hard,https://translate.google.com/translate_tts?ie=UTF-8&client=tw-ob&tl=en&q=collaborate
1365,reciprocal,"상호간의, 호혜적인",DAY_46,미암기,Hard,https://translate.google.com/translate_tts?ie=UTF-8&client=tw-ob&tl=en&q=reciprocal
1366,quantitative,양적인,DAY_46,미암기,Hard,https://translate.google.com/translate_tts?ie=UTF-8&client=tw-ob&tl=en&q=quantitative
1367,benevolent,"자비로운, 자선의",DAY_46,미암기,Hard,https://translate.google.com/translate_tts?ie=UTF-8&client=tw-ob&tl=en&q=benevolent
1368,eccentric,"괴짜의, 이상한",DAY_46,미암기,Hard,https://translate.google.com/translate_tts?ie=UTF-8&client=tw-ob&tl=en&q=eccentric
1369,deficiency,"결핍, 부족",DAY_46,미암기,Hard,https://translate.google.com/translate_tts?ie=UTF-8&client=tw-ob&tl=en&q=deficiency
1370,notorious,악명 높은,DAY_46,미암기,Hard,https://translate.google.com/translate_tts?ie=UTF-8&client=tw-ob&tl=en&q=notorious
1371,yield,"생산하다, 양도하다, 굴복하다",DAY_46,미암기,Hard,https://translate.google.com/translate_tts?ie=UTF-8&client=tw-ob&tl=en&q=yield
1372,judicious,"신중한, 판단력 있는",DAY_46,미암기,Hard,https://translate.google.com/translate_tts?ie=UTF-8&client=tw-ob&tl=en&q=judicious
1373,whimsical,변덕스러운,DAY_46,미암기,Hard,https://translate.google.com/translate_tts?ie=UTF-8&client=tw-ob&tl=en&q=whimsical
1374,orthodox,"정통의, 전통적인",DAY_46,미암기,Hard,https://translate.google.com/translate_tts?ie=UTF-8&client=tw-ob&tl=en&q=orthodox
1375,breach,"위반, 침해",DAY_46,미암기,Hard,https://translate.google.com/translate_tts?ie=UTF-8&client=tw-ob&tl=en&q=breach
1376,cognitive,"인지의, 인지적인",DAY_46,미암기,Hard,https://translate.google.com/translate_tts?ie=UTF-8&client=tw-ob&tl=en&q=cognitive
1377,unanimous,만장일치의,DAY_46,미암기,Hard,https://translate.google.com/translate_tts?ie=UTF-8&client=tw-ob&tl=en&q=unanimous
1378,hypothesis,"가설, 추정",DAY_46,미암기,Hard,https://translate.google.com/translate_tts?ie=UTF-8&client=tw-ob&tl=en&q=hypothesis
1379,tangible,"만질 수 있는, 명백한",DAY_46,미암기,Hard,https://translate.google.com/translate_tts?ie=UTF-8&client=tw-ob&tl=en&q=tangible
1380,eloquent,"유창한, 설득력 있는",DAY_46,미암기,Hard,https://translate.google.com/translate_tts?ie=UTF-8&client=tw-ob&tl=en&q=eloquent
1381,qualm,"거리낌, 거리껴짐",DAY_47,미암기,Hard,https://translate.google.com/translate_tts?ie=UTF-8&client=tw-ob&tl=en&q=qualm
1382,zealous,"열성적인, 열렬한",DAY_47,미암기,Hard,https://translate.google.com/translate_tts?ie=UTF-8&client=tw-ob&tl=en&q=zealous
1383,legitimate,"합법적인, 정당한",DAY_47,미암기,Hard,https://translate.google.com/translate_tts?ie=UTF-8&client=tw-ob&tl=en&q=legitimate
1384,guarantee,"보장하다, 품질 보증",DAY_47,미암기,Hard,https://translate.google.com/translate_tts?ie=UTF-8&client=tw-ob&tl=en&q=guarantee
1385,fluctuate,"변동하다, 오르내리다",DAY_47,미암기,Hard,https://translate.google.com/translate_tts?ie=UTF-8&client=tw-ob&tl=en&q=fluctuate
1386,aesthetic,"미학적인, 미적인",DAY_47,미암기,Hard,https://translate.google.com/translate_tts?ie=UTF-8&client=tw-ob&tl=en&q=aesthetic
1387,hostility,"적대감, 적의",DAY_47,미암기,Hard,https://translate.google.com/translate_tts?ie=UTF-8&client=tw-ob&tl=en&q=hostility
1388,eccentric,"괴짜의, 이상한",DAY_47,미암기,Hard,https://translate.google.com/translate_tts?ie=UTF-8&client=tw-ob&tl=en&q=eccentric
1389,formidable,"가공할, 어마어마한",DAY_47,미암기,Hard,https://translate.google.com/translate_tts?ie=UTF-8&client=tw-ob&tl=en&q=formidable
1390,trivial,"사소한, 하찮은",DAY_47,미암기,Hard,https://translate.google.com/translate_tts?ie=UTF-8&client=tw-ob&tl=en&q=trivial
1391,deficiency,"결핍, 부족",DAY_47,미암기,Hard,https://translate.google.com/translate_tts?ie=UTF-8&client=tw-ob&tl=en&q=deficiency
1392,cognitive,"인지의, 인지적인",DAY_47,미암기,Hard,https://translate.google.com/translate_tts?ie=UTF-8&client=tw-ob&tl=en&q=cognitive
1393,meticulous,"꼼꼼한, 세심한",DAY_47,미암기,Hard,https://translate.google.com/translate_tts?ie=UTF-8&client=tw-ob&tl=en&q=meticulous
1394,redundant,"불필요한, 과잉의",DAY_47,미암기,Hard,https://translate.google.com/translate_tts?ie=UTF-8&client=tw-ob&tl=en&q=redundant
1395,benevolent,"자비로운, 자선의",DAY_47,미암기,Hard,https://translate.google.com/translate_tts?ie=UTF-8&client=tw-ob&tl=en&q=benevolent
1396,hypothesis,"가설, 추정",DAY_47,미암기,Hard,https://translate.google.com/translate_tts?ie=UTF-8&client=tw-ob&tl=en&q=hypothesis
1397,obsolete,"한물간, 구식의",DAY_47,미암기,Hard,https://translate.google.com/translate_tts?ie=UTF-8&client=tw-ob&tl=en&q=obsolete
1398,catastrophe,"참사, 재앙",DAY_47,미암기,Hard,https://translate.google.com/translate_tts?ie=UTF-8&client=tw-ob&tl=en&q=catastrophe
1399,versatile,"다재다능한, 다용도의",DAY_47,미암기,Hard,https://translate.google.com/translate_tts?ie=UTF-8&client=tw-ob&tl=en&q=versatile
1400,negligible,"하찮은, 무시해도 될 정도의",DAY_47,미암기,Hard,https://translate.google.com/translate_tts?ie=UTF-8&client=tw-ob&tl=en&q=negligible
1401,scrutinize,세밀히 조사하다,DAY_47,미암기,Hard,https://translate.google.com/translate_tts?ie=UTF-8&client=tw-ob&tl=en&q=scrutinize
1402,grievance,"불만, 고충",DAY_47,미암기,Hard,https://translate.google.com/translate_tts?ie=UTF-8&client=tw-ob&tl=en&q=grievance
1403,perpetual,"끊임없는, 영구적인",DAY_47,미암기,Hard,https://translate.google.com/translate_tts?ie=UTF-8&client=tw-ob&tl=en&q=perpetual
1404,judicious,"신중한, 판단력 있는",DAY_47,미암기,Hard,https://translate.google.com/translate_tts?ie=UTF-8&client=tw-ob&tl=en&q=judicious
1405,drastic,"과감한, 급격한",DAY_47,미암기,Hard,https://translate.google.com/translate_tts?ie=UTF-8&client=tw-ob&tl=en&q=drastic
1406,warrant,"보증하다, 영장",DAY_47,미암기,Hard,https://translate.google.com/translate_tts?ie=UTF-8&client=tw-ob&tl=en&q=warrant
1407,indispensable,필수불가결한,DAY_47,미암기,Hard,https://translate.google.com/translate_tts?ie=UTF-8&client=tw-ob&tl=en&q=indispensable
1408,abstract,"추상적인, 개요",DAY_47,미암기,Hard,https://translate.google.com/translate_tts?ie=UTF-8&client=tw-ob&tl=en&q=abstract
1409,unprecedented,전례 없는,DAY_47,미암기,Hard,https://translate.google.com/translate_tts?ie=UTF-8&client=tw-ob&tl=en&q=unprecedented
1410,inevitable,"불가피한, 필연적인",DAY_47,미암기,Hard,https://translate.google.com/translate_tts?ie=UTF-8&client=tw-ob&tl=en&q=inevitable
1411,breach,"위반, 침해",DAY_48,미암기,Hard,https://translate.google.com/translate_tts?ie=UTF-8&client=tw-ob&tl=en&q=breach
1412,notorious,악명 높은,DAY_48,미암기,Hard,https://translate.google.com/translate_tts?ie=UTF-8&client=tw-ob&tl=en&q=notorious
1413,yield,"생산하다, 양도하다, 굴복하다",DAY_48,미암기,Hard,https://translate.google.com/translate_tts?ie=UTF-8&client=tw-ob&tl=en&q=yield
1414,legitimate,"합법적인, 정당한",DAY_48,미암기,Hard,https://translate.google.com/translate_tts?ie=UTF-8&client=tw-ob&tl=en&q=legitimate
1415,meticulous,"꼼꼼한, 세심한",DAY_48,미암기,Hard,https://translate.google.com/translate_tts?ie=UTF-8&client=tw-ob&tl=en&q=meticulous
1416,ambiguous,"모호한, 다의적인",DAY_48,미암기,Hard,https://translate.google.com/translate_tts?ie=UTF-8&client=tw-ob&tl=en&q=ambiguous
1417,vulnerable,"취약한, 연약한",DAY_48,미암기,Hard,https://translate.google.com/translate_tts?ie=UTF-8&client=tw-ob&tl=en&q=vulnerable
1418,simultaneous,동시의,DAY_48,미암기,Hard,https://translate.google.com/translate_tts?ie=UTF-8&client=tw-ob&tl=en&q=simultaneous
1419,xenophobia,외국인 혐오,DAY_48,미암기,Hard,https://translate.google.com/translate_tts?ie=UTF-8&client=tw-ob&tl=en&q=xenophobia
1420,hostility,"적대감, 적의",DAY_48,미암기,Hard,https://translate.google.com/translate_tts?ie=UTF-8&client=tw-ob&tl=en&q=hostility
1421,negligible,"하찮은, 무시해도 될 정도의",DAY_48,미암기,Hard,https://translate.google.com/translate_tts?ie=UTF-8&client=tw-ob&tl=en&q=negligible
1422,tangible,"만질 수 있는, 명백한",DAY_48,미암기,Hard,https://translate.google.com/translate_tts?ie=UTF-8&client=tw-ob&tl=en&q=tangible
1423,obsolete,"한물간, 구식의",DAY_48,미암기,Hard,https://translate.google.com/translate_tts?ie=UTF-8&client=tw-ob&tl=en&q=obsolete
1424,whimsical,변덕스러운,DAY_48,미암기,Hard,https://translate.google.com/translate_tts?ie=UTF-8&client=tw-ob&tl=en&q=whimsical
1425,paradox,"역설, 모순",DAY_48,미암기,Hard,https://translate.google.com/translate_tts?ie=UTF-8&client=tw-ob&tl=en&q=paradox
1426,indispensable,필수불가결한,DAY_48,미암기,Hard,https://translate.google.com/translate_tts?ie=UTF-8&client=tw-ob&tl=en&q=indispensable
1427,grievance,"불만, 고충",DAY_48,미암기,Hard,https://translate.google.com/translate_tts?ie=UTF-8&client=tw-ob&tl=en&q=grievance
1428,perpetual,"끊임없는, 영구적인",DAY_48,미암기,Hard,https://translate.google.com/translate_tts?ie=UTF-8&client=tw-ob&tl=en&q=perpetual
1429,collaborate,"협력하다, 공동으로 작업하다",DAY_48,미암기,Hard,https://translate.google.com/translate_tts?ie=UTF-8&client=tw-ob&tl=en&q=collaborate
1430,mandatory,"의무적인, 강제적인",DAY_48,미암기,Hard,https://translate.google.com/translate_tts?ie=UTF-8&client=tw-ob&tl=en&q=mandatory
1431,quantitative,양적인,DAY_48,미암기,Hard,https://translate.google.com/translate_tts?ie=UTF-8&client=tw-ob&tl=en&q=quantitative
1432,deteriorate,악화되다,DAY_48,미암기,Hard,https://translate.google.com/translate_tts?ie=UTF-8&client=tw-ob&tl=en&q=deteriorate
1433,orthodox,"정통의, 전통적인",DAY_48,미암기,Hard,https://translate.google.com/translate_tts?ie=UTF-8&client=tw-ob&tl=en&q=orthodox
1434,reciprocal,"상호간의, 호혜적인",DAY_48,미암기,Hard,https://translate.google.com/translate_tts?ie=UTF-8&client=tw-ob&tl=en&q=reciprocal
1435,unanimous,만장일치의,DAY_48,미암기,Hard,https://translate.google.com/translate_tts?ie=UTF-8&client=tw-ob&tl=en&q=unanimous
1436,lucrative,수익성이 좋은,DAY_48,미암기,Hard,https://translate.google.com/translate_tts?ie=UTF-8&client=tw-ob&tl=en&q=lucrative
1437,kinetic,"운동의, 운동에 의한",DAY_48,미암기,Hard,https://translate.google.com/translate_tts?ie=UTF-8&client=tw-ob&tl=en&q=kinetic
1438,eloquent,"유창한, 설득력 있는",DAY_48,미암기,Hard,https://translate.google.com/translate_tts?ie=UTF-8&client=tw-ob&tl=en&q=eloquent
1439,qualm,"거리낌, 거리껴짐",DAY_48,미암기,Hard,https://translate.google.com/translate_tts?ie=UTF-8&client=tw-ob&tl=en&q=qualm
1440,formidable,"가공할, 어마어마한",DAY_48,미암기,Hard,https://translate.google.com/translate_tts?ie=UTF-8&client=tw-ob&tl=en&q=formidable
1441,fluctuate,"변동하다, 오르내리다",DAY_49,미암기,Hard,https://translate.google.com/translate_tts?ie=UTF-8&client=tw-ob&tl=en&q=fluctuate
1442,mandatory,"의무적인, 강제적인",DAY_49,미암기,Hard,https://translate.google.com/translate_tts?ie=UTF-8&client=tw-ob&tl=en&q=mandatory
1443,trivial,"사소한, 하찮은",DAY_49,미암기,Hard,https://translate.google.com/translate_tts?ie=UTF-8&client=tw-ob&tl=en&q=trivial
1444,lucrative,수익성이 좋은,DAY_49,미암기,Hard,https://translate.google.com/translate_tts?ie=UTF-8&client=tw-ob&tl=en&q=lucrative
1445,zealous,"열성적인, 열렬한",DAY_49,미암기,Hard,https://translate.google.com/translate_tts?ie=UTF-8&client=tw-ob&tl=en&q=zealous
1446,drastic,"과감한, 급격한",DAY_49,미암기,Hard,https://translate.google.com/translate_tts?ie=UTF-8&client=tw-ob&tl=en&q=drastic
1447,hypothesis,"가설, 추정",DAY_49,미암기,Hard,https://translate.google.com/translate_tts?ie=UTF-8&client=tw-ob&tl=en&q=hypothesis
1448,eccentric,"괴짜의, 이상한",DAY_49,미암기,Hard,https://translate.google.com/translate_tts?ie=UTF-8&client=tw-ob&tl=en&q=eccentric
1449,guarantee,"보장하다, 품질 보증",DAY_49,미암기,Hard,https://translate.google.com/translate_tts?ie=UTF-8&client=tw-ob&tl=en&q=guarantee
1450,judicious,"신중한, 판단력 있는",DAY_49,미암기,Hard,https://translate.google.com/translate_tts?ie=UTF-8&client=tw-ob&tl=en&q=judicious
1451,kinetic,"운동의, 운동에 의한",DAY_49,미암기,Hard,https://translate.google.com/translate_tts?ie=UTF-8&client=tw-ob&tl=en&q=kinetic
1452,cognitive,"인지의, 인지적인",DAY_49,미암기,Hard,https://translate.google.com/translate_tts?ie=UTF-8&client=tw-ob&tl=en&q=cognitive
1453,orthodox,"정통의, 전통적인",DAY_49,미암기,Hard,https://translate.google.com/translate_tts?ie=UTF-8&client=tw-ob&tl=en&q=orthodox
1454,notorious,악명 높은,DAY_49,미암기,Hard,https://translate.google.com/translate_tts?ie=UTF-8&client=tw-ob&tl=en&q=notorious
1455,reciprocal,"상호간의, 호혜적인",DAY_49,미암기,Hard,https://translate.google.com/translate_tts?ie=UTF-8&client=tw-ob&tl=en&q=reciprocal
1456,unprecedented,전례 없는,DAY_49,미암기,Hard,https://translate.google.com/translate_tts?ie=UTF-8&client=tw-ob&tl=en&q=unprecedented
1457,deficiency,"결핍, 부족",DAY_49,미암기,Hard,https://translate.google.com/translate_tts?ie=UTF-8&client=tw-ob&tl=en&q=deficiency
1458,tangible,"만질 수 있는, 명백한",DAY_49,미암기,Hard,https://translate.google.com/translate_tts?ie=UTF-8&client=tw-ob&tl=en&q=tangible
1459,scrutinize,세밀히 조사하다,DAY_49,미암기,Hard,https://translate.google.com/translate_tts?ie=UTF-8&client=tw-ob&tl=en&q=scrutinize
1460,catastrophe,"참사, 재앙",DAY_49,미암기,Hard,https://translate.google.com/translate_tts?ie=UTF-8&client=tw-ob&tl=en&q=catastrophe
1461,warrant,"보증하다, 영장",DAY_49,미암기,Hard,https://translate.google.com/translate_tts?ie=UTF-8&client=tw-ob&tl=en&q=warrant
1462,simultaneous,동시의,DAY_49,미암기,Hard,https://translate.google.com/translate_tts?ie=UTF-8&client=tw-ob&tl=en&q=simultaneous
1463,abstract,"추상적인, 개요",DAY_49,미암기,Hard,https://translate.google.com/translate_tts?ie=UTF-8&client=tw-ob&tl=en&q=abstract
1464,inevitable,"불가피한, 필연적인",DAY_49,미암기,Hard,https://translate.google.com/translate_tts?ie=UTF-8&client=tw-ob&tl=en&q=inevitable
1465,aesthetic,"미학적인, 미적인",DAY_49,미암기,Hard,https://translate.google.com/translate_tts?ie=UTF-8&client=tw-ob&tl=en&q=aesthetic
1466,quantitative,양적인,DAY_49,미암기,Hard,https://translate.google.com/translate_tts?ie=UTF-8&client=tw-ob&tl=en&q=quantitative
1467,paradox,"역설, 모순",DAY_49,미암기,Hard,https://translate.google.com/translate_tts?ie=UTF-8&client=tw-ob&tl=en&q=paradox
1468,benevolent,"자비로운, 자선의",DAY_49,미암기,Hard,https://translate.google.com/translate_tts?ie=UTF-8&client=tw-ob&tl=en&q=benevolent
1469,redundant,"불필요한, 과잉의",DAY_49,미암기,Hard,https://translate.google.com/translate_tts?ie=UTF-8&client=tw-ob&tl=en&q=redundant
1470,versatile,"다재다능한, 다용도의",DAY_49,미암기,Hard,https://translate.google.com/translate_tts?ie=UTF-8&client=tw-ob&tl=en&q=versatile
1471,aesthetic,"미학적인, 미적인",DAY_50,미암기,Hard,https://translate.google.com/translate_tts?ie=UTF-8&client=tw-ob&tl=en&q=aesthetic
1472,breach,"위반, 침해",DAY_50,미암기,Hard,https://translate.google.com/translate_tts?ie=UTF-8&client=tw-ob&tl=en&q=breach
1473,qualm,"거리낌, 거리껴짐",DAY_50,미암기,Hard,https://translate.google.com/translate_tts?ie=UTF-8&client=tw-ob&tl=en&q=qualm
1474,unprecedented,전례 없는,DAY_50,미암기,Hard,https://translate.google.com/translate_tts?ie=UTF-8&client=tw-ob&tl=en&q=unprecedented
1475,collaborate,"협력하다, 공동으로 작업하다",DAY_50,미암기,Hard,https://translate.google.com/translate_tts?ie=UTF-8&client=tw-ob&tl=en&q=collaborate
1476,versatile,"다재다능한, 다용도의",DAY_50,미암기,Hard,https://translate.google.com/translate_tts?ie=UTF-8&client=tw-ob&tl=en&q=versatile
1477,trivial,"사소한, 하찮은",DAY_50,미암기,Hard,https://translate.google.com/translate_tts?ie=UTF-8&client=tw-ob&tl=en&q=trivial
1478,ambiguous,"모호한, 다의적인",DAY_50,미암기,Hard,https://translate.google.com/translate_tts?ie=UTF-8&client=tw-ob&tl=en&q=ambiguous
1479,deteriorate,악화되다,DAY_50,미암기,Hard,https://translate.google.com/translate_tts?ie=UTF-8&client=tw-ob&tl=en&q=deteriorate
1480,grievance,"불만, 고충",DAY_50,미암기,Hard,https://translate.google.com/translate_tts?ie=UTF-8&client=tw-ob&tl=en&q=grievance
1481,negligible,"하찮은, 무시해도 될 정도의",DAY_50,미암기,Hard,https://translate.google.com/translate_tts?ie=UTF-8&client=tw-ob&tl=en&q=negligible
1482,eloquent,"유창한, 설득력 있는",DAY_50,미암기,Hard,https://translate.google.com/translate_tts?ie=UTF-8&client=tw-ob&tl=en&q=eloquent
1483,catastrophe,"참사, 재앙",DAY_50,미암기,Hard,https://translate.google.com/translate_tts?ie=UTF-8&client=tw-ob&tl=en&q=catastrophe
1484,obsolete,"한물간, 구식의",DAY_50,미암기,Hard,https://translate.google.com/translate_tts?ie=UTF-8&client=tw-ob&tl=en&q=obsolete
1485,zealous,"열성적인, 열렬한",DAY_50,미암기,Hard,https://translate.google.com/translate_tts?ie=UTF-8&client=tw-ob&tl=en&q=zealous
1486,yield,"생산하다, 양도하다, 굴복하다",DAY_50,미암기,Hard,https://translate.google.com/translate_tts?ie=UTF-8&client=tw-ob&tl=en&q=yield
1487,formidable,"가공할, 어마어마한",DAY_50,미암기,Hard,https://translate.google.com/translate_tts?ie=UTF-8&client=tw-ob&tl=en&q=formidable
1488,perpetual,"끊임없는, 영구적인",DAY_50,미암기,Hard,https://translate.google.com/translate_tts?ie=UTF-8&client=tw-ob&tl=en&q=perpetual
1489,whimsical,변덕스러운,DAY_50,미암기,Hard,https://translate.google.com/translate_tts?ie=UTF-8&client=tw-ob&tl=en&q=whimsical
1490,drastic,"과감한, 급격한",DAY_50,미암기,Hard,https://translate.google.com/translate_tts?ie=UTF-8&client=tw-ob&tl=en&q=drastic
1491,warrant,"보증하다, 영장",DAY_50,미암기,Hard,https://translate.google.com/translate_tts?ie=UTF-8&client=tw-ob&tl=en&q=warrant
1492,xenophobia,외국인 혐오,DAY_50,미암기,Hard,https://translate.google.com/translate_tts?ie=UTF-8&client=tw-ob&tl=en&q=xenophobia
1493,scrutinize,세밀히 조사하다,DAY_50,미암기,Hard,https://translate.google.com/translate_tts?ie=UTF-8&client=tw-ob&tl=en&q=scrutinize
1494,indispensable,필수불가결한,DAY_50,미암기,Hard,https://translate.google.com/translate_tts?ie=UTF-8&client=tw-ob&tl=en&q=indispensable
1495,hostility,"적대감, 적의",DAY_50,미암기,Hard,https://translate.google.com/translate_tts?ie=UTF-8&client=tw-ob&tl=en&q=hostility
1496,meticulous,"꼼꼼한, 세심한",DAY_50,미암기,Hard,https://translate.google.com/translate_tts?ie=UTF-8&client=tw-ob&tl=en&q=meticulous
1497,vulnerable,"취약한, 연약한",DAY_50,미암기,Hard,https://translate.google.com/translate_tts?ie=UTF-8&client=tw-ob&tl=en&q=vulnerable
1498,unanimous,만장일치의,DAY_50,미암기,Hard,https://translate.google.com/translate_tts?ie=UTF-8&client=tw-ob&tl=en&q=unanimous
1499,redundant,"불필요한, 과잉의",DAY_50,미암기,Hard,https://translate.google.com/translate_tts?ie=UTF-8&client=tw-ob&tl=en&q=redundant
1500,legitimate,"합법적인, 정당한",DAY_50,미암기,Hard,https://translate.google.com/translate_tts?ie=UTF-8&client=tw-ob&tl=en&q=legitimate
1501,xenophobia,외국인 혐오,DAY_51,미암기,Hard,https://translate.google.com/translate_tts?ie=UTF-8&client=tw-ob&tl=en&q=xenophobia
1502,cognitive,"인지의, 인지적인",DAY_51,미암기,Hard,https://translate.google.com/translate_tts?ie=UTF-8&client=tw-ob&tl=en&q=cognitive
1503,inevitable,"불가피한, 필연적인",DAY_51,미암기,Hard,https://translate.google.com/translate_tts?ie=UTF-8&client=tw-ob&tl=en&q=inevitable
1504,abstract,"추상적인, 개요",DAY_51,미암기,Hard,https://translate.google.com/translate_tts?ie=UTF-8&client=tw-ob&tl=en&q=abstract
1505,breach,"위반, 침해",DAY_51,미암기,Hard,https://translate.google.com/translate_tts?ie=UTF-8&client=tw-ob&tl=en&q=breach
1506,tangible,"만질 수 있는, 명백한",DAY_51,미암기,Hard,https://translate.google.com/translate_tts?ie=UTF-8&client=tw-ob&tl=en&q=tangible
1507,paradox,"역설, 모순",DAY_51,미암기,Hard,https://translate.google.com/translate_tts?ie=UTF-8&client=tw-ob&tl=en&q=paradox
1508,judicious,"신중한, 판단력 있는",DAY_51,미암기,Hard,https://translate.google.com/translate_tts?ie=UTF-8&client=tw-ob&tl=en&q=judicious
1509,eccentric,"괴짜의, 이상한",DAY_51,미암기,Hard,https://translate.google.com/translate_tts?ie=UTF-8&client=tw-ob&tl=en&q=eccentric
1510,simultaneous,동시의,DAY_51,미암기,Hard,https://translate.google.com/translate_tts?ie=UTF-8&client=tw-ob&tl=en&q=simultaneous
1511,quantitative,양적인,DAY_51,미암기,Hard,https://translate.google.com/translate_tts?ie=UTF-8&client=tw-ob&tl=en&q=quantitative
1512,fluctuate,"변동하다, 오르내리다",DAY_51,미암기,Hard,https://translate.google.com/translate_tts?ie=UTF-8&client=tw-ob&tl=en&q=fluctuate
1513,benevolent,"자비로운, 자선의",DAY_51,미암기,Hard,https://translate.google.com/translate_tts?ie=UTF-8&client=tw-ob&tl=en&q=benevolent
1514,lucrative,수익성이 좋은,DAY_51,미암기,Hard,https://translate.google.com/translate_tts?ie=UTF-8&client=tw-ob&tl=en&q=lucrative
1515,collaborate,"협력하다, 공동으로 작업하다",DAY_51,미암기,Hard,https://translate.google.com/translate_tts?ie=UTF-8&client=tw-ob&tl=en&q=collaborate
1516,mandatory,"의무적인, 강제적인",DAY_51,미암기,Hard,https://translate.google.com/translate_tts?ie=UTF-8&client=tw-ob&tl=en&q=mandatory
1517,yield,"생산하다, 양도하다, 굴복하다",DAY_51,미암기,Hard,https://translate.google.com/translate_tts?ie=UTF-8&client=tw-ob&tl=en&q=yield
1518,kinetic,"운동의, 운동에 의한",DAY_51,미암기,Hard,https://translate.google.com/translate_tts?ie=UTF-8&client=tw-ob&tl=en&q=kinetic
1519,vulnerable,"취약한, 연약한",DAY_51,미암기,Hard,https://translate.google.com/translate_tts?ie=UTF-8&client=tw-ob&tl=en&q=vulnerable
1520,hypothesis,"가설, 추정",DAY_51,미암기,Hard,https://translate.google.com/translate_tts?ie=UTF-8&client=tw-ob&tl=en&q=hypothesis
1521,orthodox,"정통의, 전통적인",DAY_51,미암기,Hard,https://translate.google.com/translate_tts?ie=UTF-8&client=tw-ob&tl=en&q=orthodox
1522,notorious,악명 높은,DAY_51,미암기,Hard,https://translate.google.com/translate_tts?ie=UTF-8&client=tw-ob&tl=en&q=notorious
1523,guarantee,"보장하다, 품질 보증",DAY_51,미암기,Hard,https://translate.google.com/translate_tts?ie=UTF-8&client=tw-ob&tl=en&q=guarantee
1524,reciprocal,"상호간의, 호혜적인",DAY_51,미암기,Hard,https://translate.google.com/translate_tts?ie=UTF-8&client=tw-ob&tl=en&q=reciprocal
1525,deteriorate,악화되다,DAY_51,미암기,Hard,https://translate.google.com/translate_tts?ie=UTF-8&client=tw-ob&tl=en&q=deteriorate
1526,unanimous,만장일치의,DAY_51,미암기,Hard,https://translate.google.com/translate_tts?ie=UTF-8&client=tw-ob&tl=en&q=unanimous
1527,eloquent,"유창한, 설득력 있는",DAY_51,미암기,Hard,https://translate.google.com/translate_tts?ie=UTF-8&client=tw-ob&tl=en&q=eloquent
1528,whimsical,변덕스러운,DAY_51,미암기,Hard,https://translate.google.com/translate_tts?ie=UTF-8&client=tw-ob&tl=en&q=whimsical
1529,ambiguous,"모호한, 다의적인",DAY_51,미암기,Hard,https://translate.google.com/translate_tts?ie=UTF-8&client=tw-ob&tl=en&q=ambiguous
1530,deficiency,"결핍, 부족",DAY_51,미암기,Hard,https://translate.google.com/translate_tts?ie=UTF-8&client=tw-ob&tl=en&q=deficiency
1531,judicious,"신중한, 판단력 있는",DAY_52,미암기,Hard,https://translate.google.com/translate_tts?ie=UTF-8&client=tw-ob&tl=en&q=judicious
1532,zealous,"열성적인, 열렬한",DAY_52,미암기,Hard,https://translate.google.com/translate_tts?ie=UTF-8&client=tw-ob&tl=en&q=zealous
1533,eccentric,"괴짜의, 이상한",DAY_52,미암기,Hard,https://translate.google.com/translate_tts?ie=UTF-8&client=tw-ob&tl=en&q=eccentric
1534,benevolent,"자비로운, 자선의",DAY_52,미암기,Hard,https://translate.google.com/translate_tts?ie=UTF-8&client=tw-ob&tl=en&q=benevolent
1535,obsolete,"한물간, 구식의",DAY_52,미암기,Hard,https://translate.google.com/translate_tts?ie=UTF-8&client=tw-ob&tl=en&q=obsolete
1536,perpetual,"끊임없는, 영구적인",DAY_52,미암기,Hard,https://translate.google.com/translate_tts?ie=UTF-8&client=tw-ob&tl=en&q=perpetual
1537,trivial,"사소한, 하찮은",DAY_52,미암기,Hard,https://translate.google.com/translate_tts?ie=UTF-8&client=tw-ob&tl=en&q=trivial
1538,versatile,"다재다능한, 다용도의",DAY_52,미암기,Hard,https://translate.google.com/translate_tts?ie=UTF-8&client=tw-ob&tl=en&q=versatile
1539,qualm,"거리낌, 거리껴짐",DAY_52,미암기,Hard,https://translate.google.com/translate_tts?ie=UTF-8&client=tw-ob&tl=en&q=qualm
1540,fluctuate,"변동하다, 오르내리다",DAY_52,미암기,Hard,https://translate.google.com/translate_tts?ie=UTF-8&client=tw-ob&tl=en&q=fluctuate
1541,formidable,"가공할, 어마어마한",DAY_52,미암기,Hard,https://translate.google.com/translate_tts?ie=UTF-8&client=tw-ob&tl=en&q=formidable
1542,negligible,"하찮은, 무시해도 될 정도의",DAY_52,미암기,Hard,https://translate.google.com/translate_tts?ie=UTF-8&client=tw-ob&tl=en&q=negligible
1543,abstract,"추상적인, 개요",DAY_52,미암기,Hard,https://translate.google.com/translate_tts?ie=UTF-8&client=tw-ob&tl=en&q=abstract
1544,warrant,"보증하다, 영장",DAY_52,미암기,Hard,https://translate.google.com/translate_tts?ie=UTF-8&client=tw-ob&tl=en&q=warrant
1545,meticulous,"꼼꼼한, 세심한",DAY_52,미암기,Hard,https://translate.google.com/translate_tts?ie=UTF-8&client=tw-ob&tl=en&q=meticulous
1546,inevitable,"불가피한, 필연적인",DAY_52,미암기,Hard,https://translate.google.com/translate_tts?ie=UTF-8&client=tw-ob&tl=en&q=inevitable
1547,hypothesis,"가설, 추정",DAY_52,미암기,Hard,https://translate.google.com/translate_tts?ie=UTF-8&client=tw-ob&tl=en&q=hypothesis
1548,redundant,"불필요한, 과잉의",DAY_52,미암기,Hard,https://translate.google.com/translate_tts?ie=UTF-8&client=tw-ob&tl=en&q=redundant
1549,drastic,"과감한, 급격한",DAY_52,미암기,Hard,https://translate.google.com/translate_tts?ie=UTF-8&client=tw-ob&tl=en&q=drastic
1550,cognitive,"인지의, 인지적인",DAY_52,미암기,Hard,https://translate.google.com/translate_tts?ie=UTF-8&client=tw-ob&tl=en&q=cognitive
1551,catastrophe,"참사, 재앙",DAY_52,미암기,Hard,https://translate.google.com/translate_tts?ie=UTF-8&client=tw-ob&tl=en&q=catastrophe
1552,grievance,"불만, 고충",DAY_52,미암기,Hard,https://translate.google.com/translate_tts?ie=UTF-8&client=tw-ob&tl=en&q=grievance
1553,aesthetic,"미학적인, 미적인",DAY_52,미암기,Hard,https://translate.google.com/translate_tts?ie=UTF-8&client=tw-ob&tl=en&q=aesthetic
1554,legitimate,"합법적인, 정당한",DAY_52,미암기,Hard,https://translate.google.com/translate_tts?ie=UTF-8&client=tw-ob&tl=en&q=legitimate
1555,scrutinize,세밀히 조사하다,DAY_52,미암기,Hard,https://translate.google.com/translate_tts?ie=UTF-8&client=tw-ob&tl=en&q=scrutinize
1556,guarantee,"보장하다, 품질 보증",DAY_52,미암기,Hard,https://translate.google.com/translate_tts?ie=UTF-8&client=tw-ob&tl=en&q=guarantee
1557,deficiency,"결핍, 부족",DAY_52,미암기,Hard,https://translate.google.com/translate_tts?ie=UTF-8&client=tw-ob&tl=en&q=deficiency
1558,indispensable,필수불가결한,DAY_52,미암기,Hard,https://translate.google.com/translate_tts?ie=UTF-8&client=tw-ob&tl=en&q=indispensable
1559,unprecedented,전례 없는,DAY_52,미암기,Hard,https://translate.google.com/translate_tts?ie=UTF-8&client=tw-ob&tl=en&q=unprecedented
1560,hostility,"적대감, 적의",DAY_52,미암기,Hard,https://translate.google.com/translate_tts?ie=UTF-8&client=tw-ob&tl=en&q=hostility
1561,ambiguous,"모호한, 다의적인",DAY_53,미암기,Hard,https://translate.google.com/translate_tts?ie=UTF-8&client=tw-ob&tl=en&q=ambiguous
1562,eloquent,"유창한, 설득력 있는",DAY_53,미암기,Hard,https://translate.google.com/translate_tts?ie=UTF-8&client=tw-ob&tl=en&q=eloquent
1563,formidable,"가공할, 어마어마한",DAY_53,미암기,Hard,https://translate.google.com/translate_tts?ie=UTF-8&client=tw-ob&tl=en&q=formidable
1564,indispensable,필수불가결한,DAY_53,미암기,Hard,https://translate.google.com/translate_tts?ie=UTF-8&client=tw-ob&tl=en&q=indispensable
1565,unanimous,만장일치의,DAY_53,미암기,Hard,https://translate.google.com/translate_tts?ie=UTF-8&client=tw-ob&tl=en&q=unanimous
1566,quantitative,양적인,DAY_53,미암기,Hard,https://translate.google.com/translate_tts?ie=UTF-8&client=tw-ob&tl=en&q=quantitative
1567,lucrative,수익성이 좋은,DAY_53,미암기,Hard,https://translate.google.com/translate_tts?ie=UTF-8&client=tw-ob&tl=en&q=lucrative
1568,yield,"생산하다, 양도하다, 굴복하다",DAY_53,미암기,Hard,https://translate.google.com/translate_tts?ie=UTF-8&client=tw-ob&tl=en&q=yield
1569,tangible,"만질 수 있는, 명백한",DAY_53,미암기,Hard,https://translate.google.com/translate_tts?ie=UTF-8&client=tw-ob&tl=en&q=tangible
1570,paradox,"역설, 모순",DAY_53,미암기,Hard,https://translate.google.com/translate_tts?ie=UTF-8&client=tw-ob&tl=en&q=paradox
1571,whimsical,변덕스러운,DAY_53,미암기,Hard,https://translate.google.com/translate_tts?ie=UTF-8&client=tw-ob&tl=en&q=whimsical
1572,legitimate,"합법적인, 정당한",DAY_53,미암기,Hard,https://translate.google.com/translate_tts?ie=UTF-8&client=tw-ob&tl=en&q=legitimate
1573,orthodox,"정통의, 전통적인",DAY_53,미암기,Hard,https://translate.google.com/translate_tts?ie=UTF-8&client=tw-ob&tl=en&q=orthodox
1574,mandatory,"의무적인, 강제적인",DAY_53,미암기,Hard,https://translate.google.com/translate_tts?ie=UTF-8&client=tw-ob&tl=en&q=mandatory
1575,breach,"위반, 침해",DAY_53,미암기,Hard,https://translate.google.com/translate_tts?ie=UTF-8&client=tw-ob&tl=en&q=breach
1576,hostility,"적대감, 적의",DAY_53,미암기,Hard,https://translate.google.com/translate_tts?ie=UTF-8&client=tw-ob&tl=en&q=hostility
1577,kinetic,"운동의, 운동에 의한",DAY_53,미암기,Hard,https://translate.google.com/translate_tts?ie=UTF-8&client=tw-ob&tl=en&q=kinetic
1578,grievance,"불만, 고충",DAY_53,미암기,Hard,https://translate.google.com/translate_tts?ie=UTF-8&client=tw-ob&tl=en&q=grievance
1579,meticulous,"꼼꼼한, 세심한",DAY_53,미암기,Hard,https://translate.google.com/translate_tts?ie=UTF-8&client=tw-ob&tl=en&q=meticulous
1580,xenophobia,외국인 혐오,DAY_53,미암기,Hard,https://translate.google.com/translate_tts?ie=UTF-8&client=tw-ob&tl=en&q=xenophobia
1581,qualm,"거리낌, 거리껴짐",DAY_53,미암기,Hard,https://translate.google.com/translate_tts?ie=UTF-8&client=tw-ob&tl=en&q=qualm
1582,deteriorate,악화되다,DAY_53,미암기,Hard,https://translate.google.com/translate_tts?ie=UTF-8&client=tw-ob&tl=en&q=deteriorate
1583,simultaneous,동시의,DAY_53,미암기,Hard,https://translate.google.com/translate_tts?ie=UTF-8&client=tw-ob&tl=en&q=simultaneous
1584,perpetual,"끊임없는, 영구적인",DAY_53,미암기,Hard,https://translate.google.com/translate_tts?ie=UTF-8&client=tw-ob&tl=en&q=perpetual
1585,negligible,"하찮은, 무시해도 될 정도의",DAY_53,미암기,Hard,https://translate.google.com/translate_tts?ie=UTF-8&client=tw-ob&tl=en&q=negligible
1586,collaborate,"협력하다, 공동으로 작업하다",DAY_53,미암기,Hard,https://translate.google.com/translate_tts?ie=UTF-8&client=tw-ob&tl=en&q=collaborate
1587,vulnerable,"취약한, 연약한",DAY_53,미암기,Hard,https://translate.google.com/translate_tts?ie=UTF-8&client=tw-ob&tl=en&q=vulnerable
1588,notorious,악명 높은,DAY_53,미암기,Hard,https://translate.google.com/translate_tts?ie=UTF-8&client=tw-ob&tl=en&q=notorious
1589,obsolete,"한물간, 구식의",DAY_53,미암기,Hard,https://translate.google.com/translate_tts?ie=UTF-8&client=tw-ob&tl=en&q=obsolete
1590,reciprocal,"상호간의, 호혜적인",DAY_53,미암기,Hard,https://translate.google.com/translate_tts?ie=UTF-8&client=tw-ob&tl=en&q=reciprocal
1591,paradox,"역설, 모순",DAY_54,미암기,Hard,https://translate.google.com/translate_tts?ie=UTF-8&client=tw-ob&tl=en&q=paradox
1592,hypothesis,"가설, 추정",DAY_54,미암기,Hard,https://translate.google.com/translate_tts?ie=UTF-8&client=tw-ob&tl=en&q=hypothesis
1593,versatile,"다재다능한, 다용도의",DAY_54,미암기,Hard,https://translate.google.com/translate_tts?ie=UTF-8&client=tw-ob&tl=en&q=versatile
1594,unprecedented,전례 없는,DAY_54,미암기,Hard,https://translate.google.com/translate_tts?ie=UTF-8&client=tw-ob&tl=en&q=unprecedented
1595,catastrophe,"참사, 재앙",DAY_54,미암기,Hard,https://translate.google.com/translate_tts?ie=UTF-8&client=tw-ob&tl=en&q=catastrophe
1596,aesthetic,"미학적인, 미적인",DAY_54,미암기,Hard,https://translate.google.com/translate_tts?ie=UTF-8&client=tw-ob&tl=en&q=aesthetic
1597,inevitable,"불가피한, 필연적인",DAY_54,미암기,Hard,https://translate.google.com/translate_tts?ie=UTF-8&client=tw-ob&tl=en&q=inevitable
1598,fluctuate,"변동하다, 오르내리다",DAY_54,미암기,Hard,https://translate.google.com/translate_tts?ie=UTF-8&client=tw-ob&tl=en&q=fluctuate
1599,simultaneous,동시의,DAY_54,미암기,Hard,https://translate.google.com/translate_tts?ie=UTF-8&client=tw-ob&tl=en&q=simultaneous
1600,quantitative,양적인,DAY_54,미암기,Hard,https://translate.google.com/translate_tts?ie=UTF-8&client=tw-ob&tl=en&q=quantitative
1601,reciprocal,"상호간의, 호혜적인",DAY_54,미암기,Hard,https://translate.google.com/translate_tts?ie=UTF-8&client=tw-ob&tl=en&q=reciprocal
1602,scrutinize,세밀히 조사하다,DAY_54,미암기,Hard,https://translate.google.com/translate_tts?ie=UTF-8&client=tw-ob&tl=en&q=scrutinize
1603,lucrative,수익성이 좋은,DAY_54,미암기,Hard,https://translate.google.com/translate_tts?ie=UTF-8&client=tw-ob&tl=en&q=lucrative
1604,orthodox,"정통의, 전통적인",DAY_54,미암기,Hard,https://translate.google.com/translate_tts?ie=UTF-8&client=tw-ob&tl=en&q=orthodox
1605,mandatory,"의무적인, 강제적인",DAY_54,미암기,Hard,https://translate.google.com/translate_tts?ie=UTF-8&client=tw-ob&tl=en&q=mandatory
1606,judicious,"신중한, 판단력 있는",DAY_54,미암기,Hard,https://translate.google.com/translate_tts?ie=UTF-8&client=tw-ob&tl=en&q=judicious
1607,drastic,"과감한, 급격한",DAY_54,미암기,Hard,https://translate.google.com/translate_tts?ie=UTF-8&client=tw-ob&tl=en&q=drastic
1608,benevolent,"자비로운, 자선의",DAY_54,미암기,Hard,https://translate.google.com/translate_tts?ie=UTF-8&client=tw-ob&tl=en&q=benevolent
1609,warrant,"보증하다, 영장",DAY_54,미암기,Hard,https://translate.google.com/translate_tts?ie=UTF-8&client=tw-ob&tl=en&q=warrant
1610,abstract,"추상적인, 개요",DAY_54,미암기,Hard,https://translate.google.com/translate_tts?ie=UTF-8&client=tw-ob&tl=en&q=abstract
1611,eccentric,"괴짜의, 이상한",DAY_54,미암기,Hard,https://translate.google.com/translate_tts?ie=UTF-8&client=tw-ob&tl=en&q=eccentric
1612,deficiency,"결핍, 부족",DAY_54,미암기,Hard,https://translate.google.com/translate_tts?ie=UTF-8&client=tw-ob&tl=en&q=deficiency
1613,cognitive,"인지의, 인지적인",DAY_54,미암기,Hard,https://translate.google.com/translate_tts?ie=UTF-8&client=tw-ob&tl=en&q=cognitive
1614,zealous,"열성적인, 열렬한",DAY_54,미암기,Hard,https://translate.google.com/translate_tts?ie=UTF-8&client=tw-ob&tl=en&q=zealous
1615,guarantee,"보장하다, 품질 보증",DAY_54,미암기,Hard,https://translate.google.com/translate_tts?ie=UTF-8&client=tw-ob&tl=en&q=guarantee
1616,tangible,"만질 수 있는, 명백한",DAY_54,미암기,Hard,https://translate.google.com/translate_tts?ie=UTF-8&client=tw-ob&tl=en&q=tangible
1617,trivial,"사소한, 하찮은",DAY_54,미암기,Hard,https://translate.google.com/translate_tts?ie=UTF-8&client=tw-ob&tl=en&q=trivial
1618,redundant,"불필요한, 과잉의",DAY_54,미암기,Hard,https://translate.google.com/translate_tts?ie=UTF-8&client=tw-ob&tl=en&q=redundant
1619,kinetic,"운동의, 운동에 의한",DAY_54,미암기,Hard,https://translate.google.com/translate_tts?ie=UTF-8&client=tw-ob&tl=en&q=kinetic
1620,notorious,악명 높은,DAY_54,미암기,Hard,https://translate.google.com/translate_tts?ie=UTF-8&client=tw-ob&tl=en&q=notorious
1621,warrant,"보증하다, 영장",DAY_55,미암기,Hard,https://translate.google.com/translate_tts?ie=UTF-8&client=tw-ob&tl=en&q=warrant
1622,scrutinize,세밀히 조사하다,DAY_55,미암기,Hard,https://translate.google.com/translate_tts?ie=UTF-8&client=tw-ob&tl=en&q=scrutinize
1623,ambiguous,"모호한, 다의적인",DAY_55,미암기,Hard,https://translate.google.com/translate_tts?ie=UTF-8&client=tw-ob&tl=en&q=ambiguous
1624,collaborate,"협력하다, 공동으로 작업하다",DAY_55,미암기,Hard,https://translate.google.com/translate_tts?ie=UTF-8&client=tw-ob&tl=en&q=collaborate
1625,whimsical,변덕스러운,DAY_55,미암기,Hard,https://translate.google.com/translate_tts?ie=UTF-8&client=tw-ob&tl=en&q=whimsical
1626,hostility,"적대감, 적의",DAY_55,미암기,Hard,https://translate.google.com/translate_tts?ie=UTF-8&client=tw-ob&tl=en&q=hostility
1627,vulnerable,"취약한, 연약한",DAY_55,미암기,Hard,https://translate.google.com/translate_tts?ie=UTF-8&client=tw-ob&tl=en&q=vulnerable
1628,yield,"생산하다, 양도하다, 굴복하다",DAY_55,미암기,Hard,https://translate.google.com/translate_tts?ie=UTF-8&client=tw-ob&tl=en&q=yield
1629,redundant,"불필요한, 과잉의",DAY_55,미암기,Hard,https://translate.google.com/translate_tts?ie=UTF-8&client=tw-ob&tl=en&q=redundant
1630,formidable,"가공할, 어마어마한",DAY_55,미암기,Hard,https://translate.google.com/translate_tts?ie=UTF-8&client=tw-ob&tl=en&q=formidable
1631,aesthetic,"미학적인, 미적인",DAY_55,미암기,Hard,https://translate.google.com/translate_tts?ie=UTF-8&client=tw-ob&tl=en&q=aesthetic
1632,obsolete,"한물간, 구식의",DAY_55,미암기,Hard,https://translate.google.com/translate_tts?ie=UTF-8&client=tw-ob&tl=en&q=obsolete
1633,versatile,"다재다능한, 다용도의",DAY_55,미암기,Hard,https://translate.google.com/translate_tts?ie=UTF-8&client=tw-ob&tl=en&q=versatile
1634,catastrophe,"참사, 재앙",DAY_55,미암기,Hard,https://translate.google.com/translate_tts?ie=UTF-8&client=tw-ob&tl=en&q=catastrophe
1635,unanimous,만장일치의,DAY_55,미암기,Hard,https://translate.google.com/translate_tts?ie=UTF-8&client=tw-ob&tl=en&q=unanimous
1636,perpetual,"끊임없는, 영구적인",DAY_55,미암기,Hard,https://translate.google.com/translate_tts?ie=UTF-8&client=tw-ob&tl=en&q=perpetual
1637,unprecedented,전례 없는,DAY_55,미암기,Hard,https://translate.google.com/translate_tts?ie=UTF-8&client=tw-ob&tl=en&q=unprecedented
1638,drastic,"과감한, 급격한",DAY_55,미암기,Hard,https://translate.google.com/translate_tts?ie=UTF-8&client=tw-ob&tl=en&q=drastic
1639,eloquent,"유창한, 설득력 있는",DAY_55,미암기,Hard,https://translate.google.com/translate_tts?ie=UTF-8&client=tw-ob&tl=en&q=eloquent
1640,trivial,"사소한, 하찮은",DAY_55,미암기,Hard,https://translate.google.com/translate_tts?ie=UTF-8&client=tw-ob&tl=en&q=trivial
1641,zealous,"열성적인, 열렬한",DAY_55,미암기,Hard,https://translate.google.com/translate_tts?ie=UTF-8&client=tw-ob&tl=en&q=zealous
1642,grievance,"불만, 고충",DAY_55,미암기,Hard,https://translate.google.com/translate_tts?ie=UTF-8&client=tw-ob&tl=en&q=grievance
1643,xenophobia,외국인 혐오,DAY_55,미암기,Hard,https://translate.google.com/translate_tts?ie=UTF-8&client=tw-ob&tl=en&q=xenophobia
1644,negligible,"하찮은, 무시해도 될 정도의",DAY_55,미암기,Hard,https://translate.google.com/translate_tts?ie=UTF-8&client=tw-ob&tl=en&q=negligible
1645,breach,"위반, 침해",DAY_55,미암기,Hard,https://translate.google.com/translate_tts?ie=UTF-8&client=tw-ob&tl=en&q=breach
1646,deteriorate,악화되다,DAY_55,미암기,Hard,https://translate.google.com/translate_tts?ie=UTF-8&client=tw-ob&tl=en&q=deteriorate
1647,indispensable,필수불가결한,DAY_55,미암기,Hard,https://translate.google.com/translate_tts?ie=UTF-8&client=tw-ob&tl=en&q=indispensable
1648,legitimate,"합법적인, 정당한",DAY_55,미암기,Hard,https://translate.google.com/translate_tts?ie=UTF-8&client=tw-ob&tl=en&q=legitimate
1649,qualm,"거리낌, 거리껴짐",DAY_55,미암기,Hard,https://translate.google.com/translate_tts?ie=UTF-8&client=tw-ob&tl=en&q=qualm
1650,meticulous,"꼼꼼한, 세심한",DAY_55,미암기,Hard,https://translate.google.com/translate_tts?ie=UTF-8&client=tw-ob&tl=en&q=meticulous
1651,yield,"생산하다, 양도하다, 굴복하다",DAY_56,미암기,Hard,https://translate.google.com/translate_tts?ie=UTF-8&client=tw-ob&tl=en&q=yield
1652,simultaneous,동시의,DAY_56,미암기,Hard,https://translate.google.com/translate_tts?ie=UTF-8&client=tw-ob&tl=en&q=simultaneous
1653,breach,"위반, 침해",DAY_56,미암기,Hard,https://translate.google.com/translate_tts?ie=UTF-8&client=tw-ob&tl=en&q=breach
1654,tangible,"만질 수 있는, 명백한",DAY_56,미암기,Hard,https://translate.google.com/translate_tts?ie=UTF-8&client=tw-ob&tl=en&q=tangible
1655,deficiency,"결핍, 부족",DAY_56,미암기,Hard,https://translate.google.com/translate_tts?ie=UTF-8&client=tw-ob&tl=en&q=deficiency
1656,unanimous,만장일치의,DAY_56,미암기,Hard,https://translate.google.com/translate_tts?ie=UTF-8&client=tw-ob&tl=en&q=unanimous
1657,kinetic,"운동의, 운동에 의한",DAY_56,미암기,Hard,https://translate.google.com/translate_tts?ie=UTF-8&client=tw-ob&tl=en&q=kinetic
1658,inevitable,"불가피한, 필연적인",DAY_56,미암기,Hard,https://translate.google.com/translate_tts?ie=UTF-8&client=tw-ob&tl=en&q=inevitable
1659,orthodox,"정통의, 전통적인",DAY_56,미암기,Hard,https://translate.google.com/translate_tts?ie=UTF-8&client=tw-ob&tl=en&q=orthodox
1660,judicious,"신중한, 판단력 있는",DAY_56,미암기,Hard,https://translate.google.com/translate_tts?ie=UTF-8&client=tw-ob&tl=en&q=judicious
1661,ambiguous,"모호한, 다의적인",DAY_56,미암기,Hard,https://translate.google.com/translate_tts?ie=UTF-8&client=tw-ob&tl=en&q=ambiguous
1662,deteriorate,악화되다,DAY_56,미암기,Hard,https://translate.google.com/translate_tts?ie=UTF-8&client=tw-ob&tl=en&q=deteriorate
1663,vulnerable,"취약한, 연약한",DAY_56,미암기,Hard,https://translate.google.com/translate_tts?ie=UTF-8&client=tw-ob&tl=en&q=vulnerable
1664,eloquent,"유창한, 설득력 있는",DAY_56,미암기,Hard,https://translate.google.com/translate_tts?ie=UTF-8&client=tw-ob&tl=en&q=eloquent
1665,guarantee,"보장하다, 품질 보증",DAY_56,미암기,Hard,https://translate.google.com/translate_tts?ie=UTF-8&client=tw-ob&tl=en&q=guarantee
1666,benevolent,"자비로운, 자선의",DAY_56,미암기,Hard,https://translate.google.com/translate_tts?ie=UTF-8&client=tw-ob&tl=en&q=benevolent
1667,collaborate,"협력하다, 공동으로 작업하다",DAY_56,미암기,Hard,https://translate.google.com/translate_tts?ie=UTF-8&client=tw-ob&tl=en&q=collaborate
1668,cognitive,"인지의, 인지적인",DAY_56,미암기,Hard,https://translate.google.com/translate_tts?ie=UTF-8&client=tw-ob&tl=en&q=cognitive
1669,lucrative,수익성이 좋은,DAY_56,미암기,Hard,https://translate.google.com/translate_tts?ie=UTF-8&client=tw-ob&tl=en&q=lucrative
1670,whimsical,변덕스러운,DAY_56,미암기,Hard,https://translate.google.com/translate_tts?ie=UTF-8&client=tw-ob&tl=en&q=whimsical
1671,quantitative,양적인,DAY_56,미암기,Hard,https://translate.google.com/translate_tts?ie=UTF-8&client=tw-ob&tl=en&q=quantitative
1672,hypothesis,"가설, 추정",DAY_56,미암기,Hard,https://translate.google.com/translate_tts?ie=UTF-8&client=tw-ob&tl=en&q=hypothesis
1673,reciprocal,"상호간의, 호혜적인",DAY_56,미암기,Hard,https://translate.google.com/translate_tts?ie=UTF-8&client=tw-ob&tl=en&q=reciprocal
1674,mandatory,"의무적인, 강제적인",DAY_56,미암기,Hard,https://translate.google.com/translate_tts?ie=UTF-8&client=tw-ob&tl=en&q=mandatory
1675,eccentric,"괴짜의, 이상한",DAY_56,미암기,Hard,https://translate.google.com/translate_tts?ie=UTF-8&client=tw-ob&tl=en&q=eccentric
1676,fluctuate,"변동하다, 오르내리다",DAY_56,미암기,Hard,https://translate.google.com/translate_tts?ie=UTF-8&client=tw-ob&tl=en&q=fluctuate
1677,notorious,악명 높은,DAY_56,미암기,Hard,https://translate.google.com/translate_tts?ie=UTF-8&client=tw-ob&tl=en&q=notorious
1678,xenophobia,외국인 혐오,DAY_56,미암기,Hard,https://translate.google.com/translate_tts?ie=UTF-8&client=tw-ob&tl=en&q=xenophobia
1679,paradox,"역설, 모순",DAY_56,미암기,Hard,https://translate.google.com/translate_tts?ie=UTF-8&client=tw-ob&tl=en&q=paradox
1680,abstract,"추상적인, 개요",DAY_56,미암기,Hard,https://translate.google.com/translate_tts?ie=UTF-8&client=tw-ob&tl=en&q=abstract
1681,perpetual,"끊임없는, 영구적인",DAY_57,미암기,Hard,https://translate.google.com/translate_tts?ie=UTF-8&client=tw-ob&tl=en&q=perpetual
1682,catastrophe,"참사, 재앙",DAY_57,미암기,Hard,https://translate.google.com/translate_tts?ie=UTF-8&client=tw-ob&tl=en&q=catastrophe
1683,qualm,"거리낌, 거리껴짐",DAY_57,미암기,Hard,https://translate.google.com/translate_tts?ie=UTF-8&client=tw-ob&tl=en&q=qualm
1684,grievance,"불만, 고충",DAY_57,미암기,Hard,https://translate.google.com/translate_tts?ie=UTF-8&client=tw-ob&tl=en&q=grievance
1685,eccentric,"괴짜의, 이상한",DAY_57,미암기,Hard,https://translate.google.com/translate_tts?ie=UTF-8&client=tw-ob&tl=en&q=eccentric
1686,zealous,"열성적인, 열렬한",DAY_57,미암기,Hard,https://translate.google.com/translate_tts?ie=UTF-8&client=tw-ob&tl=en&q=zealous
1687,judicious,"신중한, 판단력 있는",DAY_57,미암기,Hard,https://translate.google.com/translate_tts?ie=UTF-8&client=tw-ob&tl=en&q=judicious
1688,warrant,"보증하다, 영장",DAY_57,미암기,Hard,https://translate.google.com/translate_tts?ie=UTF-8&client=tw-ob&tl=en&q=warrant
1689,inevitable,"불가피한, 필연적인",DAY_57,미암기,Hard,https://translate.google.com/translate_tts?ie=UTF-8&client=tw-ob&tl=en&q=inevitable
1690,guarantee,"보장하다, 품질 보증",DAY_57,미암기,Hard,https://translate.google.com/translate_tts?ie=UTF-8&client=tw-ob&tl=en&q=guarantee
1691,hypothesis,"가설, 추정",DAY_57,미암기,Hard,https://translate.google.com/translate_tts?ie=UTF-8&client=tw-ob&tl=en&q=hypothesis
1692,deficiency,"결핍, 부족",DAY_57,미암기,Hard,https://translate.google.com/translate_tts?ie=UTF-8&client=tw-ob&tl=en&q=deficiency
1693,legitimate,"합법적인, 정당한",DAY_57,미암기,Hard,https://translate.google.com/translate_tts?ie=UTF-8&client=tw-ob&tl=en&q=legitimate
1694,aesthetic,"미학적인, 미적인",DAY_57,미암기,Hard,https://translate.google.com/translate_tts?ie=UTF-8&client=tw-ob&tl=en&q=aesthetic
1695,negligible,"하찮은, 무시해도 될 정도의",DAY_57,미암기,Hard,https://translate.google.com/translate_tts?ie=UTF-8&client=tw-ob&tl=en&q=negligible
1696,benevolent,"자비로운, 자선의",DAY_57,미암기,Hard,https://translate.google.com/translate_tts?ie=UTF-8&client=tw-ob&tl=en&q=benevolent
1697,trivial,"사소한, 하찮은",DAY_57,미암기,Hard,https://translate.google.com/translate_tts?ie=UTF-8&client=tw-ob&tl=en&q=trivial
1698,abstract,"추상적인, 개요",DAY_57,미암기,Hard,https://translate.google.com/translate_tts?ie=UTF-8&client=tw-ob&tl=en&q=abstract
1699,obsolete,"한물간, 구식의",DAY_57,미암기,Hard,https://translate.google.com/translate_tts?ie=UTF-8&client=tw-ob&tl=en&q=obsolete
1700,indispensable,필수불가결한,DAY_57,미암기,Hard,https://translate.google.com/translate_tts?ie=UTF-8&client=tw-ob&tl=en&q=indispensable
1701,unprecedented,전례 없는,DAY_57,미암기,Hard,https://translate.google.com/translate_tts?ie=UTF-8&client=tw-ob&tl=en&q=unprecedented
1702,hostility,"적대감, 적의",DAY_57,미암기,Hard,https://translate.google.com/translate_tts?ie=UTF-8&client=tw-ob&tl=en&q=hostility
1703,scrutinize,세밀히 조사하다,DAY_57,미암기,Hard,https://translate.google.com/translate_tts?ie=UTF-8&client=tw-ob&tl=en&q=scrutinize
1704,cognitive,"인지의, 인지적인",DAY_57,미암기,Hard,https://translate.google.com/translate_tts?ie=UTF-8&client=tw-ob&tl=en&q=cognitive
1705,versatile,"다재다능한, 다용도의",DAY_57,미암기,Hard,https://translate.google.com/translate_tts?ie=UTF-8&client=tw-ob&tl=en&q=versatile
1706,drastic,"과감한, 급격한",DAY_57,미암기,Hard,https://translate.google.com/translate_tts?ie=UTF-8&client=tw-ob&tl=en&q=drastic
1707,fluctuate,"변동하다, 오르내리다",DAY_57,미암기,Hard,https://translate.google.com/translate_tts?ie=UTF-8&client=tw-ob&tl=en&q=fluctuate
1708,meticulous,"꼼꼼한, 세심한",DAY_57,미암기,Hard,https://translate.google.com/translate_tts?ie=UTF-8&client=tw-ob&tl=en&q=meticulous
1709,redundant,"불필요한, 과잉의",DAY_57,미암기,Hard,https://translate.google.com/translate_tts?ie=UTF-8&client=tw-ob&tl=en&q=redundant
1710,formidable,"가공할, 어마어마한",DAY_57,미암기,Hard,https://translate.google.com/translate_tts?ie=UTF-8&client=tw-ob&tl=en&q=formidable
1711,deteriorate,악화되다,DAY_58,미암기,Hard,https://translate.google.com/translate_tts?ie=UTF-8&client=tw-ob&tl=en&q=deteriorate
1712,collaborate,"협력하다, 공동으로 작업하다",DAY_58,미암기,Hard,https://translate.google.com/translate_tts?ie=UTF-8&client=tw-ob&tl=en&q=collaborate
1713,obsolete,"한물간, 구식의",DAY_58,미암기,Hard,https://translate.google.com/translate_tts?ie=UTF-8&client=tw-ob&tl=en&q=obsolete
1714,unanimous,만장일치의,DAY_58,미암기,Hard,https://translate.google.com/translate_tts?ie=UTF-8&client=tw-ob&tl=en&q=unanimous
1715,kinetic,"운동의, 운동에 의한",DAY_58,미암기,Hard,https://translate.google.com/translate_tts?ie=UTF-8&client=tw-ob&tl=en&q=kinetic
1716,qualm,"거리낌, 거리껴짐",DAY_58,미암기,Hard,https://translate.google.com/translate_tts?ie=UTF-8&client=tw-ob&tl=en&q=qualm
1717,lucrative,수익성이 좋은,DAY_58,미암기,Hard,https://translate.google.com/translate_tts?ie=UTF-8&client=tw-ob&tl=en&q=lucrative
1718,grievance,"불만, 고충",DAY_58,미암기,Hard,https://translate.google.com/translate_tts?ie=UTF-8&client=tw-ob&tl=en&q=grievance
1719,breach,"위반, 침해",DAY_58,미암기,Hard,https://translate.google.com/translate_tts?ie=UTF-8&client=tw-ob&tl=en&q=breach
1720,vulnerable,"취약한, 연약한",DAY_58,미암기,Hard,https://translate.google.com/translate_tts?ie=UTF-8&client=tw-ob&tl=en&q=vulnerable
1721,yield,"생산하다, 양도하다, 굴복하다",DAY_58,미암기,Hard,https://translate.google.com/translate_tts?ie=UTF-8&client=tw-ob&tl=en&q=yield
1722,xenophobia,외국인 혐오,DAY_58,미암기,Hard,https://translate.google.com/translate_tts?ie=UTF-8&client=tw-ob&tl=en&q=xenophobia
1723,tangible,"만질 수 있는, 명백한",DAY_58,미암기,Hard,https://translate.google.com/translate_tts?ie=UTF-8&client=tw-ob&tl=en&q=tangible
1724,whimsical,변덕스러운,DAY_58,미암기,Hard,https://translate.google.com/translate_tts?ie=UTF-8&client=tw-ob&tl=en&q=whimsical
1725,legitimate,"합법적인, 정당한",DAY_58,미암기,Hard,https://translate.google.com/translate_tts?ie=UTF-8&client=tw-ob&tl=en&q=legitimate
1726,ambiguous,"모호한, 다의적인",DAY_58,미암기,Hard,https://translate.google.com/translate_tts?ie=UTF-8&client=tw-ob&tl=en&q=ambiguous
1727,eloquent,"유창한, 설득력 있는",DAY_58,미암기,Hard,https://translate.google.com/translate_tts?ie=UTF-8&client=tw-ob&tl=en&q=eloquent
1728,mandatory,"의무적인, 강제적인",DAY_58,미암기,Hard,https://translate.google.com/translate_tts?ie=UTF-8&client=tw-ob&tl=en&q=mandatory
1729,hostility,"적대감, 적의",DAY_58,미암기,Hard,https://translate.google.com/translate_tts?ie=UTF-8&client=tw-ob&tl=en&q=hostility
1730,paradox,"역설, 모순",DAY_58,미암기,Hard,https://translate.google.com/translate_tts?ie=UTF-8&client=tw-ob&tl=en&q=paradox
1731,quantitative,양적인,DAY_58,미암기,Hard,https://translate.google.com/translate_tts?ie=UTF-8&client=tw-ob&tl=en&q=quantitative
1732,simultaneous,동시의,DAY_58,미암기,Hard,https://translate.google.com/translate_tts?ie=UTF-8&client=tw-ob&tl=en&q=simultaneous
1733,meticulous,"꼼꼼한, 세심한",DAY_58,미암기,Hard,https://translate.google.com/translate_tts?ie=UTF-8&client=tw-ob&tl=en&q=meticulous
1734,notorious,악명 높은,DAY_58,미암기,Hard,https://translate.google.com/translate_tts?ie=UTF-8&client=tw-ob&tl=en&q=notorious
1735,reciprocal,"상호간의, 호혜적인",DAY_58,미암기,Hard,https://translate.google.com/translate_tts?ie=UTF-8&client=tw-ob&tl=en&q=reciprocal
1736,orthodox,"정통의, 전통적인",DAY_58,미암기,Hard,https://translate.google.com/translate_tts?ie=UTF-8&client=tw-ob&tl=en&q=orthodox
1737,perpetual,"끊임없는, 영구적인",DAY_58,미암기,Hard,https://translate.google.com/translate_tts?ie=UTF-8&client=tw-ob&tl=en&q=perpetual
1738,formidable,"가공할, 어마어마한",DAY_58,미암기,Hard,https://translate.google.com/translate_tts?ie=UTF-8&client=tw-ob&tl=en&q=formidable
1739,negligible,"하찮은, 무시해도 될 정도의",DAY_58,미암기,Hard,https://translate.google.com/translate_tts?ie=UTF-8&client=tw-ob&tl=en&q=negligible
1740,indispensable,필수불가결한,DAY_58,미암기,Hard,https://translate.google.com/translate_tts?ie=UTF-8&client=tw-ob&tl=en&q=indispensable
1741,cognitive,"인지의, 인지적인",DAY_59,미암기,Hard,https://translate.google.com/translate_tts?ie=UTF-8&client=tw-ob&tl=en&q=cognitive
1742,warrant,"보증하다, 영장",DAY_59,미암기,Hard,https://translate.google.com/translate_tts?ie=UTF-8&client=tw-ob&tl=en&q=warrant
1743,fluctuate,"변동하다, 오르내리다",DAY_59,미암기,Hard,https://translate.google.com/translate_tts?ie=UTF-8&client=tw-ob&tl=en&q=fluctuate
1744,unprecedented,전례 없는,DAY_59,미암기,Hard,https://translate.google.com/translate_tts?ie=UTF-8&client=tw-ob&tl=en&q=unprecedented
1745,redundant,"불필요한, 과잉의",DAY_59,미암기,Hard,https://translate.google.com/translate_tts?ie=UTF-8&client=tw-ob&tl=en&q=redundant
1746,kinetic,"운동의, 운동에 의한",DAY_59,미암기,Hard,https://translate.google.com/translate_tts?ie=UTF-8&client=tw-ob&tl=en&q=kinetic
1747,versatile,"다재다능한, 다용도의",DAY_59,미암기,Hard,https://translate.google.com/translate_tts?ie=UTF-8&client=tw-ob&tl=en&q=versatile
1748,aesthetic,"미학적인, 미적인",DAY_59,미암기,Hard,https://translate.google.com/translate_tts?ie=UTF-8&client=tw-ob&tl=en&q=aesthetic
1749,zealous,"열성적인, 열렬한",DAY_59,미암기,Hard,https://translate.google.com/translate_tts?ie=UTF-8&client=tw-ob&tl=en&q=zealous
1750,simultaneous,동시의,DAY_59,미암기,Hard,https://translate.google.com/translate_tts?ie=UTF-8&client=tw-ob&tl=en&q=simultaneous
1751,hypothesis,"가설, 추정",DAY_59,미암기,Hard,https://translate.google.com/translate_tts?ie=UTF-8&client=tw-ob&tl=en&q=hypothesis
1752,orthodox,"정통의, 전통적인",DAY_59,미암기,Hard,https://translate.google.com/translate_tts?ie=UTF-8&client=tw-ob&tl=en&q=orthodox
1753,reciprocal,"상호간의, 호혜적인",DAY_59,미암기,Hard,https://translate.google.com/translate_tts?ie=UTF-8&client=tw-ob&tl=en&q=reciprocal
1754,deficiency,"결핍, 부족",DAY_59,미암기,Hard,https://translate.google.com/translate_tts?ie=UTF-8&client=tw-ob&tl=en&q=deficiency
1755,abstract,"추상적인, 개요",DAY_59,미암기,Hard,https://translate.google.com/translate_tts?ie=UTF-8&client=tw-ob&tl=en&q=abstract
1756,notorious,악명 높은,DAY_59,미암기,Hard,https://translate.google.com/translate_tts?ie=UTF-8&client=tw-ob&tl=en&q=notorious
1757,mandatory,"의무적인, 강제적인",DAY_59,미암기,Hard,https://translate.google.com/translate_tts?ie=UTF-8&client=tw-ob&tl=en&q=mandatory
1758,tangible,"만질 수 있는, 명백한",DAY_59,미암기,Hard,https://translate.google.com/translate_tts?ie=UTF-8&client=tw-ob&tl=en&q=tangible
1759,judicious,"신중한, 판단력 있는",DAY_59,미암기,Hard,https://translate.google.com/translate_tts?ie=UTF-8&client=tw-ob&tl=en&q=judicious
1760,quantitative,양적인,DAY_59,미암기,Hard,https://translate.google.com/translate_tts?ie=UTF-8&client=tw-ob&tl=en&q=quantitative
1761,lucrative,수익성이 좋은,DAY_59,미암기,Hard,https://translate.google.com/translate_tts?ie=UTF-8&client=tw-ob&tl=en&q=lucrative
1762,eccentric,"괴짜의, 이상한",DAY_59,미암기,Hard,https://translate.google.com/translate_tts?ie=UTF-8&client=tw-ob&tl=en&q=eccentric
1763,drastic,"과감한, 급격한",DAY_59,미암기,Hard,https://translate.google.com/translate_tts?ie=UTF-8&client=tw-ob&tl=en&q=drastic
1764,trivial,"사소한, 하찮은",DAY_59,미암기,Hard,https://translate.google.com/translate_tts?ie=UTF-8&client=tw-ob&tl=en&q=trivial
1765,guarantee,"보장하다, 품질 보증",DAY_59,미암기,Hard,https://translate.google.com/translate_tts?ie=UTF-8&client=tw-ob&tl=en&q=guarantee
1766,benevolent,"자비로운, 자선의",DAY_59,미암기,Hard,https://translate.google.com/translate_tts?ie=UTF-8&client=tw-ob&tl=en&q=benevolent
1767,scrutinize,세밀히 조사하다,DAY_59,미암기,Hard,https://translate.google.com/translate_tts?ie=UTF-8&client=tw-ob&tl=en&q=scrutinize
1768,inevitable,"불가피한, 필연적인",DAY_59,미암기,Hard,https://translate.google.com/translate_tts?ie=UTF-8&client=tw-ob&tl=en&q=inevitable
1769,catastrophe,"참사, 재앙",DAY_59,미암기,Hard,https://translate.google.com/translate_tts?ie=UTF-8&client=tw-ob&tl=en&q=catastrophe
1770,paradox,"역설, 모순",DAY_59,미암기,Hard,https://translate.google.com/translate_tts?ie=UTF-8&client=tw-ob&tl=en&q=paradox
1771,hostility,"적대감, 적의",DAY_60,미암기,Hard,https://translate.google.com/translate_tts?ie=UTF-8&client=tw-ob&tl=en&q=hostility
1772,obsolete,"한물간, 구식의",DAY_60,미암기,Hard,https://translate.google.com/translate_tts?ie=UTF-8&client=tw-ob&tl=en&q=obsolete
1773,aesthetic,"미학적인, 미적인",DAY_60,미암기,Hard,https://translate.google.com/translate_tts?ie=UTF-8&client=tw-ob&tl=en&q=aesthetic
1774,unanimous,만장일치의,DAY_60,미암기,Hard,https://translate.google.com/translate_tts?ie=UTF-8&client=tw-ob&tl=en&q=unanimous
1775,scrutinize,세밀히 조사하다,DAY_60,미암기,Hard,https://translate.google.com/translate_tts?ie=UTF-8&client=tw-ob&tl=en&q=scrutinize
1776,breach,"위반, 침해",DAY_60,미암기,Hard,https://translate.google.com/translate_tts?ie=UTF-8&client=tw-ob&tl=en&q=breach
1777,trivial,"사소한, 하찮은",DAY_60,미암기,Hard,https://translate.google.com/translate_tts?ie=UTF-8&client=tw-ob&tl=en&q=trivial
1778,warrant,"보증하다, 영장",DAY_60,미암기,Hard,https://translate.google.com/translate_tts?ie=UTF-8&client=tw-ob&tl=en&q=warrant
1779,grievance,"불만, 고충",DAY_60,미암기,Hard,https://translate.google.com/translate_tts?ie=UTF-8&client=tw-ob&tl=en&q=grievance
1780,perpetual,"끊임없는, 영구적인",DAY_60,미암기,Hard,https://translate.google.com/translate_tts?ie=UTF-8&client=tw-ob&tl=en&q=perpetual
1781,redundant,"불필요한, 과잉의",DAY_60,미암기,Hard,https://translate.google.com/translate_tts?ie=UTF-8&client=tw-ob&tl=en&q=redundant
1782,eloquent,"유창한, 설득력 있는",DAY_60,미암기,Hard,https://translate.google.com/translate_tts?ie=UTF-8&client=tw-ob&tl=en&q=eloquent
1783,indispensable,필수불가결한,DAY_60,미암기,Hard,https://translate.google.com/translate_tts?ie=UTF-8&client=tw-ob&tl=en&q=indispensable
1784,deteriorate,악화되다,DAY_60,미암기,Hard,https://translate.google.com/translate_tts?ie=UTF-8&client=tw-ob&tl=en&q=deteriorate
1785,catastrophe,"참사, 재앙",DAY_60,미암기,Hard,https://translate.google.com/translate_tts?ie=UTF-8&client=tw-ob&tl=en&q=catastrophe
1786,unprecedented,전례 없는,DAY_60,미암기,Hard,https://translate.google.com/translate_tts?ie=UTF-8&client=tw-ob&tl=en&q=unprecedented
1787,collaborate,"협력하다, 공동으로 작업하다",DAY_60,미암기,Hard,https://translate.google.com/translate_tts?ie=UTF-8&client=tw-ob&tl=en&q=collaborate
1788,versatile,"다재다능한, 다용도의",DAY_60,미암기,Hard,https://translate.google.com/translate_tts?ie=UTF-8&client=tw-ob&tl=en&q=versatile
1789,ambiguous,"모호한, 다의적인",DAY_60,미암기,Hard,https://translate.google.com/translate_tts?ie=UTF-8&client=tw-ob&tl=en&q=ambiguous
1790,zealous,"열성적인, 열렬한",DAY_60,미암기,Hard,https://translate.google.com/translate_tts?ie=UTF-8&client=tw-ob&tl=en&q=zealous
1791,whimsical,변덕스러운,DAY_60,미암기,Hard,https://translate.google.com/translate_tts?ie=UTF-8&client=tw-ob&tl=en&q=whimsical
1792,drastic,"과감한, 급격한",DAY_60,미암기,Hard,https://translate.google.com/translate_tts?ie=UTF-8&client=tw-ob&tl=en&q=drastic
1793,xenophobia,외국인 혐오,DAY_60,미암기,Hard,https://translate.google.com/translate_tts?ie=UTF-8&client=tw-ob&tl=en&q=xenophobia
1794,legitimate,"합법적인, 정당한",DAY_60,미암기,Hard,https://translate.google.com/translate_tts?ie=UTF-8&client=tw-ob&tl=en&q=legitimate
1795,vulnerable,"취약한, 연약한",DAY_60,미암기,Hard,https://translate.google.com/translate_tts?ie=UTF-8&client=tw-ob&tl=en&q=vulnerable
1796,yield,"생산하다, 양도하다, 굴복하다",DAY_60,미암기,Hard,https://translate.google.com/translate_tts?ie=UTF-8&client=tw-ob&tl=en&q=yield
1797,negligible,"하찮은, 무시해도 될 정도의",DAY_60,미암기,Hard,https://translate.google.com/translate_tts?ie=UTF-8&client=tw-ob&tl=en&q=negligible
1798,meticulous,"꼼꼼한, 세심한",DAY_60,미암기,Hard,https://translate.google.com/translate_tts?ie=UTF-8&client=tw-ob&tl=en&q=meticulous
1799,qualm,"거리낌, 거리껴짐",DAY_60,미암기,Hard,https://translate.google.com/translate_tts?ie=UTF-8&client=tw-ob&tl=en&q=qualm
1800,formidable,"가공할, 어마어마한",DAY_60,미암기,Hard,https://translate.google.com/translate_tts?ie=UTF-8&client=tw-ob&tl=en&q=formidable